brand,processor_brand,processor,processor_gnrtn,ram,ssd,hdd,os,os_bit,graphic_card_gb,warranty,msoffice,Price,rating,Number of Ratings,Number of Reviews
ASUS,Intel,Core i3,10th,4 GB,0 GB,1024 GB,Windows,64-bit,0 GB,No warranty,No,34649,2 stars,3,0
Lenovo,Intel,Core i3,10th,4 GB,0 GB,1024 GB,Windows,64-bit,0 GB,No warranty,No,38999,3 stars,65,5
Lenovo,Intel,Core i3,10th,4 GB,0 GB,1024 GB,Windows,64-bit,0 GB,No warranty,No,39999,3 stars,8,1
ASUS,Intel,Core i5,10th,8 GB,512 GB,0 GB,Windows,32-bit,2 GB,No warranty,No,69990,3 stars,0,0
ASUS,Intel,Celeron Dual,Not Available,4 GB,0 GB,512 GB,Windows,64-bit,0 GB,No warranty,No,26990,3 stars,0,0
ASUS,Intel,Celeron Dual,Not Available,4 GB,0 GB,512 GB,Windows,64-bit,0 GB,No warranty,No,22990,3 stars,0,0
ASUS,Intel,Celeron Dual,Not Available,4 GB,0 GB,512 GB,Windows,32-bit,0 GB,No warranty,No,21990,3 stars,31,3
ASUS,Intel,Core i5,10th,8 GB,0 GB,1024 GB,Windows,32-bit,2 GB,No warranty,No,58799,3 stars,0,0
Lenovo,Intel,Core i5,10th,4 GB,0 GB,1024 GB,Windows,32-bit,0 GB,No warranty,No,49999,3 stars,0,0
acer,AMD,Ryzen 5,10th,4 GB,0 GB,512 GB,Windows,32-bit,4 GB,No warranty,No,59990,4 stars,1946,240
acer,AMD,Ryzen 5,10th,4 GB,0 GB,512 GB,Windows,32-bit,6 GB,No warranty,No,93700,4 stars,259,47
acer,AMD,Ryzen 5,10th,4 GB,0 GB,512 GB,Windows,32-bit,4 GB,No warranty,No,72990,4 stars,425,67
Avita,Intel,Celeron Dual,Not Available,4 GB,0 GB,512 GB,Windows,64-bit,0 GB,No warranty,No,17490,3 stars,1120,196
ASUS,Intel,Core i3,11th,4 GB,256 GB,0 GB,Windows,64-bit,0 GB,No warranty,No,35990,3 stars,0,0
HP,Intel,Core i3,11th,8 GB,256 GB,0 GB,Windows,64-bit,0 GB,1 year,No,56490,3 stars,0,0
HP,Intel,Core i5,11th,8 GB,256 GB,0 GB,Windows,64-bit,0 GB,1 year,No,65390,3 stars,0,0
Lenovo,Intel,Celeron Dual,Not Available,4 GB,256 GB,0 GB,Windows,64-bit,0 GB,No warranty,No,31999,4 stars,286,19
HP,Intel,Celeron Dual,Not Available,8 GB,256 GB,0 GB,Windows,64-bit,0 GB,No warranty,No,32490,4 stars,58,6
Lenovo,Intel,Celeron Dual,Not Available,4 GB,256 GB,0 GB,Windows,64-bit,0 GB,No warranty,No,31799,3 stars,0,0
ASUS,Intel,Celeron Dual,Not Available,4 GB,256 GB,0 GB,Windows,64-bit,0 GB,No warranty,No,29890,4 stars,7,0
ASUS,Intel,Celeron Dual,Not Available,4 GB,0 GB,1024 GB,Windows,64-bit,0 GB,1 year,No,23990,3 stars,15279,1947
HP,Intel,Core i3,7th,4 GB,0 GB,1024 GB,Windows,64-bit,0 GB,No warranty,No,32955,4 stars,311,27
HP,Intel,Core i5,7th,4 GB,0 GB,1024 GB,Windows,32-bit,2 GB,No warranty,No,46200,4 stars,47,7
ASUS,Intel,Core i3,11th,4 GB,256 GB,0 GB,Windows,64-bit,0 GB,No warranty,No,34429,4 stars,37,6
Lenovo,Intel,Core i3,10th,8 GB,256 GB,0 GB,Windows,32-bit,0 GB,2 years,Yes,37990,4 stars,2080,235
ASUS,Intel,Core i3,11th,4 GB,256 GB,0 GB,Windows,32-bit,0 GB,1 year,Yes,35990,4 stars,1479,181
ASUS,Intel,Core i3,10th,8 GB,256 GB,0 GB,Windows,64-bit,0 GB,No warranty,No,33980,4 stars,67,3
HP,Intel,Core i3,11th,8 GB,256 GB,0 GB,Windows,64-bit,0 GB,1 year,Yes,39990,4 stars,273,30
DELL,Intel,Core i3,10th,8 GB,256 GB,0 GB,Windows,64-bit,0 GB,1 year,Yes,39490,4 stars,1267,171
HP,Intel,Core i3,11th,8 GB,256 GB,0 GB,Windows,64-bit,0 GB,1 year,Yes,53990,4 stars,14,0
acer,Intel,Core i3,11th,8 GB,256 GB,0 GB,Windows,64-bit,0 GB,1 year,No,38990,3 stars,0,0
ASUS,Intel,Core i3,11th,8 GB,256 GB,0 GB,Windows,64-bit,0 GB,1 year,No,37990,4 stars,284,39
ASUS,Intel,Core i3,11th,8 GB,256 GB,0 GB,Windows,64-bit,0 GB,1 year,Yes,37890,4 stars,44,5
Lenovo,Intel,Core i3,11th,8 GB,256 GB,0 GB,Windows,64-bit,0 GB,1 year,No,38990,4 stars,33,4
Lenovo,Intel,Core i3,10th,8 GB,256 GB,0 GB,Windows,64-bit,0 GB,No warranty,No,37990,4 stars,286,36
DELL,Intel,Core i3,11th,8 GB,256 GB,0 GB,Windows,64-bit,0 GB,1 year,Yes,41990,3 stars,10,5
ASUS,Intel,Core i3,11th,8 GB,256 GB,0 GB,Windows,64-bit,0 GB,1 year,No,45990,4 stars,816,147
Lenovo,Intel,Core i3,11th,8 GB,256 GB,0 GB,Windows,64-bit,0 GB,1 year,No,39990,4 stars,543,65
DELL,Intel,Core i3,11th,8 GB,256 GB,0 GB,Windows,64-bit,0 GB,No warranty,No,42490,4 stars,9,1
DELL,Intel,Core i3,10th,4 GB,256 GB,0 GB,Windows,64-bit,0 GB,1 year,Yes,36990,4 stars,1178,137
Lenovo,Intel,Core i3,11th,8 GB,256 GB,0 GB,Windows,64-bit,0 GB,1 year,Yes,53990,4 stars,299,41
ASUS,Intel,Core i3,11th,8 GB,256 GB,0 GB,Windows,64-bit,0 GB,No warranty,No,36990,4 stars,20,1
Lenovo,Intel,Core i3,10th,4 GB,256 GB,0 GB,Windows,64-bit,0 GB,2 years,No,38940,4 stars,758,64
DELL,Intel,Core i3,10th,4 GB,256 GB,0 GB,Windows,64-bit,0 GB,1 year,Yes,39490,4 stars,634,64
Lenovo,Intel,Core i3,10th,8 GB,256 GB,0 GB,Windows,64-bit,0 GB,2 years,Yes,39999,5 stars,4,0
DELL,Intel,Core i3,11th,8 GB,256 GB,0 GB,Windows,64-bit,0 GB,1 year,No,42990,4 stars,17,2
DELL,Intel,Core i3,11th,8 GB,256 GB,0 GB,Windows,64-bit,0 GB,1 year,No,49990,4 stars,24,5
DELL,Intel,Core i3,11th,8 GB,256 GB,0 GB,Windows,64-bit,0 GB,1 year,Yes,41490,4 stars,1753,165
DELL,Intel,Core i3,11th,8 GB,256 GB,0 GB,Windows,64-bit,0 GB,No warranty,No,41990,4 stars,216,21
Lenovo,Intel,Core i3,11th,8 GB,256 GB,0 GB,Windows,64-bit,0 GB,1 year,Yes,41990,4 stars,1084,160
ASUS,Intel,Core i3,11th,8 GB,256 GB,0 GB,Windows,64-bit,0 GB,1 year,No,38490,3 stars,19,3
Lenovo,Intel,Core i3,11th,4 GB,256 GB,0 GB,Windows,64-bit,0 GB,1 year,Yes,38990,4 stars,106,13
Lenovo,Intel,Core i3,11th,4 GB,256 GB,0 GB,Windows,64-bit,0 GB,1 year,Yes,44990,4 stars,42,4
Lenovo,Intel,Core i3,10th,4 GB,256 GB,0 GB,Windows,64-bit,0 GB,No warranty,No,36490,3 stars,0,0
Lenovo,Intel,Core i3,10th,8 GB,256 GB,0 GB,Windows,32-bit,0 GB,No warranty,No,38970,3 stars,0,0
HP,Intel,Core i3,11th,4 GB,256 GB,0 GB,Windows,64-bit,0 GB,1 year,Yes,44900,4 stars,1029,107
MSI,Intel,Core i3,10th,4 GB,256 GB,0 GB,Windows,64-bit,0 GB,No warranty,No,38990,4 stars,53,11
DELL,Intel,Core i3,11th,4 GB,256 GB,0 GB,Windows,64-bit,0 GB,No warranty,No,44427,3 stars,0,0
ASUS,Intel,Core i3,10th,4 GB,256 GB,0 GB,Windows,64-bit,0 GB,1 year,No,35990,3 stars,0,0
Lenovo,Intel,Core i3,10th,4 GB,256 GB,0 GB,Windows,64-bit,0 GB,1 year,Yes,40200,3 stars,48,1
Lenovo,Intel,Core i3,10th,4 GB,256 GB,0 GB,Windows,32-bit,0 GB,No warranty,No,40990,3 stars,3,0
DELL,Intel,Core i3,10th,4 GB,256 GB,0 GB,Windows,64-bit,0 GB,1 year,No,42490,3 stars,0,0
acer,Intel,Celeron Dual,Not Available,4 GB,0 GB,512 GB,Windows,32-bit,0 GB,No warranty,No,23990,3 stars,61,4
DELL,Intel,Core i3,11th,4 GB,256 GB,0 GB,Windows,64-bit,0 GB,No warranty,No,71999,4 stars,97,13
ASUS,Intel,Core i3,11th,4 GB,256 GB,0 GB,Windows,64-bit,0 GB,1 year,No,39990,4 stars,181,19
Lenovo,Intel,Core i3,10th,4 GB,256 GB,0 GB,Windows,64-bit,0 GB,1 year,Yes,41998,4 stars,529,39
ASUS,Intel,Core i3,11th,4 GB,256 GB,0 GB,Windows,32-bit,0 GB,No warranty,No,41990,3 stars,0,0
Lenovo,Intel,Core i3,10th,4 GB,256 GB,0 GB,Windows,64-bit,0 GB,2 years,Yes,39999,3 stars,0,0
ASUS,Intel,Core i3,10th,4 GB,256 GB,0 GB,Windows,32-bit,0 GB,No warranty,No,39990,3 stars,0,0
Lenovo,Intel,Core i3,11th,4 GB,256 GB,0 GB,Windows,64-bit,0 GB,No warranty,No,39998,4 stars,10,1
HP,Intel,Core i3,11th,4 GB,256 GB,0 GB,Windows,64-bit,0 GB,1 year,Yes,42490,4 stars,5205,561
Lenovo,Intel,Core i3,10th,4 GB,256 GB,0 GB,Windows,32-bit,0 GB,No warranty,No,41990,3 stars,3,0
ASUS,Intel,Core i3,11th,4 GB,256 GB,0 GB,Windows,32-bit,0 GB,No warranty,No,48490,3 stars,0,0
HP,Intel,Core i3,11th,4 GB,256 GB,0 GB,Windows,64-bit,0 GB,1 year,Yes,44376,4 stars,1090,96
DELL,Intel,Core i3,11th,4 GB,256 GB,0 GB,Windows,32-bit,0 GB,No warranty,No,43900,3 stars,0,0
DELL,Intel,Core i3,11th,4 GB,256 GB,0 GB,Windows,64-bit,0 GB,1 year,No,46690,3 stars,0,0
Lenovo,Intel,Core i3,10th,4 GB,256 GB,0 GB,Windows,32-bit,0 GB,No warranty,No,40990,5 stars,1,1
DELL,Intel,Core i3,10th,4 GB,256 GB,0 GB,Windows,64-bit,0 GB,1 year,No,39990,4 stars,44,2
Lenovo,Intel,Core i3,11th,4 GB,256 GB,0 GB,Windows,64-bit,0 GB,No warranty,No,43990,3 stars,0,0
ASUS,Intel,Core i3,11th,4 GB,256 GB,0 GB,Windows,64-bit,0 GB,1 year,No,36990,4 stars,70,9
DELL,Intel,Core i3,11th,8 GB,256 GB,0 GB,Windows,64-bit,0 GB,1 year,No,48500,3 stars,0,0
ASUS,Intel,Core i3,11th,8 GB,256 GB,0 GB,Windows,64-bit,0 GB,No warranty,No,48990,3 stars,0,0
ASUS,Intel,Celeron Dual,Not Available,4 GB,0 GB,512 GB,Windows,32-bit,0 GB,No warranty,No,23490,4 stars,632,92
HP,Intel,Core i3,8th,4 GB,256 GB,0 GB,Windows,64-bit,0 GB,1 year,Yes,54238,4 stars,71,8
ASUS,Intel,Core i3,10th,8 GB,512 GB,0 GB,Windows,64-bit,0 GB,1 year,No,37990,4 stars,990,108
HP,Intel,Core i3,11th,8 GB,512 GB,0 GB,Windows,64-bit,0 GB,1 year,Yes,42990,4 stars,158,18
HP,Intel,Core i3,11th,8 GB,512 GB,0 GB,Windows,64-bit,0 GB,1 year,Yes,42990,4 stars,681,59
ASUS,Intel,Core i3,10th,4 GB,512 GB,0 GB,Windows,64-bit,0 GB,1 year,No,35990,4 stars,130,12
ASUS,Intel,Core i3,11th,8 GB,512 GB,0 GB,Windows,64-bit,0 GB,1 year,No,42990,4 stars,30,4
ASUS,Intel,Core i3,11th,8 GB,512 GB,0 GB,Windows,32-bit,0 GB,1 year,Yes,51990,4 stars,6,2
ASUS,Intel,Core i3,11th,8 GB,512 GB,0 GB,Windows,64-bit,0 GB,1 year,No,48990,4 stars,174,30
ASUS,Intel,Core i3,11th,8 GB,512 GB,0 GB,Windows,64-bit,0 GB,1 year,No,42990,4 stars,40,7
Lenovo,Intel,Core i3,10th,8 GB,512 GB,0 GB,Windows,64-bit,0 GB,1 year,No,38990,3 stars,13,1
DELL,Intel,Core i3,11th,8 GB,512 GB,0 GB,Windows,64-bit,0 GB,No warranty,No,45990,4 stars,184,29
HP,Intel,Core i3,10th,8 GB,512 GB,0 GB,Windows,64-bit,0 GB,1 year,Yes,42490,4 stars,1296,126
HP,Intel,Core i3,11th,8 GB,512 GB,0 GB,Windows,64-bit,0 GB,1 year,Yes,43970,4 stars,571,56
ASUS,Intel,Core i3,10th,4 GB,512 GB,0 GB,Windows,64-bit,0 GB,1 year,Yes,39990,4 stars,2551,297
MSI,Intel,Core i3,11th,8 GB,512 GB,0 GB,Windows,64-bit,0 GB,No warranty,No,48990,4 stars,17,3
HP,Intel,Core i3,11th,8 GB,512 GB,0 GB,Windows,64-bit,0 GB,1 year,Yes,54990,4 stars,35,3
MSI,Intel,Core i3,10th,8 GB,512 GB,0 GB,Windows,64-bit,0 GB,No warranty,No,40990,4 stars,118,17
ASUS,Intel,Core i3,11th,8 GB,512 GB,0 GB,Windows,64-bit,0 GB,1 year,Yes,41990,3 stars,0,0
Lenovo,Intel,Core i3,11th,8 GB,512 GB,0 GB,Windows,64-bit,0 GB,1 year,No,54990,4 stars,245,34
ASUS,Intel,Core i3,11th,8 GB,512 GB,0 GB,Windows,64-bit,0 GB,1 year,Yes,44990,4 stars,2058,305
HP,Intel,Core i3,11th,8 GB,512 GB,0 GB,Windows,64-bit,0 GB,1 year,No,41250,4 stars,117,11
HP,Intel,Core i3,11th,8 GB,512 GB,0 GB,Windows,64-bit,0 GB,No warranty,No,44990,3 stars,0,0
ASUS,Intel,Core i3,11th,8 GB,512 GB,0 GB,Windows,64-bit,0 GB,1 year,No,42990,4 stars,74,11
DELL,Intel,Core i3,11th,8 GB,512 GB,0 GB,Windows,64-bit,0 GB,1 year,No,60790,4 stars,10,1
HP,Intel,Core i3,11th,8 GB,512 GB,0 GB,Windows,64-bit,0 GB,No warranty,No,45650,4 stars,39,4
DELL,Intel,Core i3,10th,8 GB,512 GB,0 GB,Windows,64-bit,0 GB,1 year,Yes,41990,3 stars,29,7
DELL,Intel,Core i3,10th,8 GB,512 GB,0 GB,Windows,64-bit,0 GB,1 year,No,45490,4 stars,43,4
ASUS,Intel,Core i3,11th,8 GB,512 GB,0 GB,Windows,64-bit,0 GB,1 year,Yes,44990,3 stars,0,0
Lenovo,Intel,Core i3,11th,8 GB,512 GB,0 GB,Windows,64-bit,0 GB,2 years,Yes,42990,4 stars,984,99
HP,Intel,Core i3,11th,4 GB,512 GB,0 GB,Windows,64-bit,0 GB,1 year,Yes,45490,4 stars,523,66
HP,Intel,Core i3,10th,4 GB,512 GB,0 GB,Windows,32-bit,0 GB,No warranty,No,38799,4 stars,30,1
HP,Intel,Core i3,11th,4 GB,512 GB,0 GB,Windows,64-bit,0 GB,1 year,Yes,69267,3 stars,0,0
ASUS,Intel,Core i3,11th,4 GB,512 GB,0 GB,Windows,64-bit,0 GB,1 year,Yes,51649,3 stars,0,0
HP,Intel,Core i3,11th,4 GB,512 GB,0 GB,Windows,64-bit,0 GB,1 year,Yes,47990,4 stars,1605,215
ASUS,Intel,Core i3,10th,4 GB,512 GB,0 GB,Windows,64-bit,0 GB,1 year,No,40990,4 stars,4008,519
ASUS,Intel,Core i3,10th,4 GB,512 GB,0 GB,Windows,64-bit,0 GB,1 year,Yes,42990,4 stars,1869,234
ASUS,Intel,Core i3,11th,4 GB,512 GB,0 GB,Windows,64-bit,0 GB,1 year,No,44890,3 stars,7,0
ASUS,Intel,Core i3,10th,4 GB,512 GB,0 GB,Windows,64-bit,0 GB,1 year,No,41490,4 stars,4008,519
HP,Intel,Core i3,11th,4 GB,512 GB,0 GB,Windows,32-bit,0 GB,1 year,No,50990,3 stars,0,0
HP,Intel,Core i3,11th,4 GB,512 GB,0 GB,Windows,64-bit,0 GB,1 year,Yes,48900,4 stars,1278,135
DELL,Intel,Core i3,10th,4 GB,512 GB,0 GB,Windows,64-bit,0 GB,No warranty,No,41790,3 stars,0,0
Lenovo,Intel,Core i3,11th,4 GB,512 GB,0 GB,Windows,64-bit,0 GB,1 year,Yes,57999,3 stars,10,2
DELL,Intel,Core i3,11th,8 GB,512 GB,0 GB,Windows,64-bit,0 GB,No warranty,No,45930,3 stars,0,0
HP,Intel,Core i3,11th,8 GB,512 GB,0 GB,Windows,64-bit,0 GB,1 year,Yes,55490,4 stars,143,15
ASUS,Intel,Core i3,10th,8 GB,0 GB,1024 GB,Windows,64-bit,0 GB,1 year,No,32890,3 stars,28,4
Lenovo,Intel,Core i3,10th,8 GB,0 GB,1024 GB,Windows,64-bit,0 GB,1 year,Yes,35990,4 stars,2124,233
DELL,Intel,Core i3,11th,8 GB,0 GB,1024 GB,Windows,64-bit,0 GB,No warranty,No,42490,4 stars,276,40
DELL,Intel,Core i3,11th,8 GB,0 GB,1024 GB,Windows,64-bit,0 GB,No warranty,No,42190,3 stars,250,21
DELL,Intel,Core i3,10th,8 GB,0 GB,1024 GB,Windows,64-bit,0 GB,1 year,Yes,39490,4 stars,1917,189
HP,Intel,Core i3,11th,8 GB,0 GB,1024 GB,Windows,64-bit,0 GB,1 year,Yes,43690,4 stars,4999,490
ASUS,Intel,Core i3,10th,4 GB,0 GB,1024 GB,Windows,64-bit,0 GB,1 year,No,35990,3 stars,17,0
DELL,Intel,Core i3,11th,8 GB,0 GB,1024 GB,Windows,32-bit,0 GB,No warranty,No,43800,4 stars,17,0
Lenovo,Intel,Core i3,10th,8 GB,0 GB,1024 GB,Windows,32-bit,0 GB,No warranty,No,38990,3 stars,0,0
ASUS,Intel,Core i3,10th,4 GB,0 GB,1024 GB,Windows,64-bit,0 GB,1 year,No,34990,3 stars,4203,490
ASUS,Intel,Core i3,11th,8 GB,0 GB,1024 GB,Windows,64-bit,0 GB,1 year,No,38900,3 stars,13,0
DELL,Intel,Core i3,10th,4 GB,0 GB,1024 GB,Windows,64-bit,0 GB,1 year,No,39990,3 stars,15,1
DELL,Intel,Core i3,10th,4 GB,0 GB,1024 GB,Windows,32-bit,0 GB,No warranty,No,40890,4 stars,527,46
Lenovo,Intel,Core i3,10th,4 GB,0 GB,1024 GB,Windows,64-bit,0 GB,1 year,No,36990,3 stars,103,10
HP,Intel,Core i3,11th,4 GB,0 GB,1024 GB,Windows,64-bit,0 GB,1 year,Yes,39990,3 stars,324,45
HP,Intel,Core i3,11th,4 GB,0 GB,1024 GB,Windows,64-bit,0 GB,1 year,Yes,41990,4 stars,69,5
DELL,Intel,Core i3,11th,4 GB,0 GB,1024 GB,Windows,32-bit,0 GB,No warranty,No,43970,3 stars,16,0
HP,Intel,Core i3,11th,4 GB,0 GB,1024 GB,Windows,64-bit,0 GB,1 year,No,39790,3 stars,40,3
ASUS,Intel,Core i3,10th,4 GB,0 GB,1024 GB,Windows,32-bit,0 GB,No warranty,No,35590,3 stars,12,1
HP,Intel,Core i3,10th,4 GB,0 GB,1024 GB,Windows,64-bit,0 GB,1 year,Yes,36490,3 stars,1146,175
ASUS,Intel,Core i3,10th,4 GB,0 GB,1024 GB,Windows,64-bit,0 GB,1 year,Yes,38990,4 stars,1850,216
ASUS,Intel,Core i3,10th,4 GB,0 GB,1024 GB,Windows,32-bit,0 GB,No warranty,No,33990,3 stars,43,7
DELL,Intel,Core i3,10th,4 GB,0 GB,1024 GB,Windows,64-bit,0 GB,1 year,Yes,43400,4 stars,231,26
ASUS,Intel,Celeron Dual,Not Available,4 GB,0 GB,512 GB,Windows,32-bit,0 GB,No warranty,No,24990,4 stars,502,93
HP,Intel,Core i3,10th,4 GB,0 GB,1024 GB,Windows,64-bit,0 GB,1 year,Yes,40750,4 stars,1096,116
DELL,Intel,Core i3,10th,4 GB,0 GB,1024 GB,Windows,64-bit,0 GB,1 year,Yes,43000,4 stars,313,35
ASUS,Intel,Core i3,10th,4 GB,0 GB,1024 GB,Windows,64-bit,0 GB,No warranty,No,38000,4 stars,7,0
DELL,Intel,Core i3,11th,8 GB,0 GB,1024 GB,Windows,64-bit,0 GB,1 year,Yes,37990,3 stars,265,46
HP,Intel,Core i3,7th,8 GB,0 GB,1024 GB,Windows,64-bit,2 GB,No warranty,No,49279,4 stars,38,3
Lenovo,Intel,Core i3,10th,8 GB,0 GB,1024 GB,Windows,32-bit,0 GB,No warranty,No,38999,3 stars,7,2
ASUS,Intel,Core i3,11th,8 GB,0 GB,1024 GB,Windows,32-bit,0 GB,No warranty,No,41500,3 stars,4,0
acer,Intel,Core i3,11th,4 GB,0 GB,1024 GB,Windows,32-bit,0 GB,No warranty,No,36999,3 stars,0,0
DELL,Intel,Core i3,11th,8 GB,0 GB,1024 GB,Windows,32-bit,0 GB,No warranty,No,42900,3 stars,0,0
ASUS,Intel,Celeron Dual,Not Available,4 GB,0 GB,512 GB,Windows,32-bit,0 GB,No warranty,No,21490,3 stars,818,113
DELL,Intel,Core i3,11th,8 GB,0 GB,1024 GB,Windows,32-bit,0 GB,No warranty,No,41480,3 stars,25,4
ASUS,Intel,Core i3,10th,8 GB,0 GB,1024 GB,Windows,64-bit,0 GB,No warranty,No,32990,2 stars,12,0
ASUS,Intel,Core i3,11th,8 GB,0 GB,1024 GB,Windows,64-bit,0 GB,1 year,No,38680,3 stars,17,1
ASUS,Intel,Celeron Dual,Not Available,4 GB,0 GB,512 GB,Windows,32-bit,0 GB,No warranty,No,23990,4 stars,974,170
DELL,Intel,Core i3,10th,8 GB,0 GB,1024 GB,Windows,64-bit,0 GB,No warranty,No,40390,3 stars,83,15
ASUS,Intel,Core i3,10th,4 GB,0 GB,1024 GB,Windows,64-bit,0 GB,No warranty,No,33990,3 stars,31,6
ASUS,Intel,Celeron Dual,Not Available,4 GB,0 GB,512 GB,Windows,32-bit,0 GB,No warranty,No,20490,3 stars,637,91
DELL,Intel,Core i3,10th,8 GB,256 GB,1024 GB,Windows,64-bit,0 GB,1 year,Yes,41490,5 stars,7,5
DELL,Intel,Core i3,11th,8 GB,256 GB,1024 GB,Windows,64-bit,0 GB,No warranty,No,45490,4 stars,207,16
DELL,Intel,Core i3,11th,8 GB,256 GB,1024 GB,Windows,64-bit,0 GB,No warranty,No,44490,4 stars,844,103
ASUS,Intel,Core i3,11th,8 GB,256 GB,1024 GB,Windows,64-bit,0 GB,1 year,Yes,41890,4 stars,53,6
DELL,Intel,Core i3,11th,4 GB,256 GB,1024 GB,Windows,64-bit,0 GB,1 year,Yes,42990,4 stars,62,7
acer,Intel,Core i3,11th,8 GB,256 GB,1024 GB,Windows,64-bit,0 GB,No warranty,No,40990,4 stars,38,2
DELL,Intel,Core i3,11th,8 GB,256 GB,1024 GB,Windows,64-bit,0 GB,1 year,No,48990,4 stars,724,92
DELL,Intel,Core i3,11th,4 GB,256 GB,1024 GB,Windows,64-bit,0 GB,1 year,Yes,43590,3 stars,0,0
DELL,Intel,Core i3,10th,4 GB,256 GB,1024 GB,Windows,64-bit,0 GB,1 year,No,44690,4 stars,9,0
ASUS,Intel,Core i3,10th,4 GB,256 GB,1024 GB,Windows,64-bit,0 GB,No warranty,No,40990,3 stars,0,0
DELL,Intel,Core i3,11th,4 GB,256 GB,1024 GB,Windows,64-bit,0 GB,1 year,Yes,43990,3 stars,0,0
DELL,Intel,Core i3,10th,4 GB,256 GB,1024 GB,Windows,64-bit,0 GB,1 year,Yes,41390,4 stars,56,7
DELL,Intel,Core i3,10th,4 GB,256 GB,1024 GB,Windows,64-bit,0 GB,1 year,Yes,44290,3 stars,0,0
DELL,Intel,Core i3,11th,4 GB,256 GB,1024 GB,Windows,64-bit,0 GB,1 year,No,48999,3 stars,0,0
DELL,Intel,Core i3,11th,4 GB,256 GB,1024 GB,Windows,64-bit,0 GB,1 year,Yes,39990,3 stars,170,11
DELL,Intel,Core i3,10th,8 GB,256 GB,1024 GB,Windows,64-bit,0 GB,No warranty,No,46390,2 stars,95,5
ASUS,Intel,Celeron Dual,Not Available,4 GB,0 GB,512 GB,Windows,64-bit,0 GB,No warranty,No,18990,3 stars,197,25
ASUS,Intel,Celeron Dual,Not Available,4 GB,0 GB,512 GB,Windows,32-bit,0 GB,No warranty,No,17990,3 stars,1180,148
HP,Intel,Celeron Dual,Not Available,4 GB,0 GB,512 GB,Windows,64-bit,0 GB,No warranty,No,26470,3 stars,232,23
HP,Intel,Celeron Dual,Not Available,4 GB,0 GB,512 GB,Windows,64-bit,0 GB,No warranty,No,27990,3 stars,596,65
Lenovo,Intel,Celeron Dual,Not Available,4 GB,0 GB,1024 GB,Windows,32-bit,0 GB,No warranty,No,29999,3 stars,19,1
Lenovo,Intel,Celeron Dual,Not Available,4 GB,0 GB,512 GB,Windows,64-bit,0 GB,No warranty,No,25990,3 stars,84,16
Lenovo,Intel,Celeron Dual,Not Available,4 GB,0 GB,512 GB,Windows,32-bit,0 GB,No warranty,No,16990,3 stars,414,54
Lenovo,Intel,Celeron Dual,Not Available,4 GB,0 GB,512 GB,Windows,32-bit,0 GB,No warranty,No,24990,2 stars,70,16
acer,Intel,Core i5,Not Available,8 GB,0 GB,512 GB,Windows,32-bit,4 GB,No warranty,No,50990,4 stars,10966,1185
acer,Intel,Core i5,Not Available,8 GB,0 GB,512 GB,Windows,32-bit,0 GB,1 year,No,119990,4 stars,1,1
acer,Intel,Core i5,10th,8 GB,0 GB,512 GB,DOS,32-bit,0 GB,No warranty,No,94190,4 stars,31,6
ASUS,Intel,Core i5,10th,8 GB,0 GB,512 GB,DOS,32-bit,4 GB,No warranty,No,106167,4 stars,1881,241
DELL,Intel,Core i5,10th,8 GB,0 GB,512 GB,DOS,32-bit,4 GB,1 year,No,68090,1 star,23,4
DELL,Intel,Core i5,10th,8 GB,0 GB,512 GB,DOS,32-bit,0 GB,1 year,No,139990,3 stars,0,0
HP,Intel,Core i5,10th,8 GB,0 GB,512 GB,DOS,32-bit,0 GB,No warranty,No,55990,4 stars,818,109
HP,Intel,Core i5,10th,8 GB,0 GB,512 GB,DOS,32-bit,4 GB,No warranty,No,102551,3 stars,0,0
Lenovo,Intel,Core i5,10th,8 GB,0 GB,512 GB,DOS,32-bit,2 GB,No warranty,No,46990,4 stars,4428,569
HP,Intel,Core i5,8th,8 GB,128 GB,0 GB,Windows,64-bit,0 GB,1 year,No,76012,4 stars,129,16
Lenovo,Intel,Core i5,11th,8 GB,256 GB,0 GB,Windows,64-bit,0 GB,2 years,Yes,49490,4 stars,365,35
acer,Intel,Core i5,7th,8 GB,256 GB,0 GB,Windows,64-bit,0 GB,1 year,Yes,86867,4 stars,39,3
ASUS,Intel,Core i5,11th,8 GB,256 GB,0 GB,Windows,64-bit,0 GB,1 year,No,48990,3 stars,0,0
DELL,Intel,Core i5,11th,8 GB,256 GB,0 GB,Windows,64-bit,0 GB,No warranty,No,55990,3 stars,3,0
acer,Intel,Core i5,8th,8 GB,256 GB,0 GB,Windows,64-bit,0 GB,1 year,Yes,81998,4 stars,14,3
HP,Intel,Core i5,8th,8 GB,256 GB,0 GB,Windows,64-bit,0 GB,1 year,Yes,136590,3 stars,0,0
acer,Intel,Core i5,8th,8 GB,256 GB,0 GB,Windows,64-bit,0 GB,1 year,No,59490,3 stars,33,7
ASUS,Intel,Core i5,11th,8 GB,256 GB,0 GB,Windows,64-bit,0 GB,1 year,No,49800,3 stars,0,0
Lenovo,Intel,Core i5,11th,8 GB,256 GB,0 GB,Windows,64-bit,0 GB,1 year,Yes,61999,2 stars,4,0
HP,Intel,Core i5,11th,8 GB,512 GB,0 GB,Windows,64-bit,0 GB,No warranty,No,54990,4 stars,116,15
HP,Intel,Core i5,11th,8 GB,512 GB,0 GB,Windows,64-bit,0 GB,1 year,No,53990,4 stars,206,17
Lenovo,Intel,Core i5,11th,8 GB,512 GB,0 GB,Windows,64-bit,0 GB,2 years,Yes,52990,4 stars,300,24
HP,Intel,Core i5,11th,16 GB,512 GB,0 GB,Windows,64-bit,0 GB,1 year,Yes,67990,4 stars,108,6
ASUS,Intel,Core i5,10th,8 GB,512 GB,0 GB,Windows,64-bit,4 GB,1 year,No,57990,4 stars,3712,412
Lenovo,Intel,Core i5,11th,16 GB,512 GB,0 GB,Windows,64-bit,0 GB,1 year,Yes,62300,4 stars,825,95
Lenovo,Intel,Core i5,11th,8 GB,512 GB,0 GB,Windows,64-bit,0 GB,1 year,No,52990,3 stars,0,0
Lenovo,Intel,Core i5,11th,8 GB,512 GB,0 GB,Windows,64-bit,0 GB,2 years,Yes,51990,4 stars,85,4
Lenovo,Intel,Core i5,11th,16 GB,512 GB,0 GB,Windows,64-bit,0 GB,No warranty,No,61990,4 stars,56,7
ASUS,Intel,Core i5,11th,8 GB,512 GB,0 GB,Windows,32-bit,0 GB,1 year,Yes,63990,4 stars,10,1
Lenovo,Intel,Core i5,11th,8 GB,512 GB,0 GB,Windows,64-bit,0 GB,1 year,Yes,65990,4 stars,17,4
acer,Intel,Core i5,11th,8 GB,512 GB,0 GB,Windows,64-bit,0 GB,1 year,No,52990,4 stars,155,20
Lenovo,Intel,Core i5,10th,8 GB,512 GB,0 GB,Windows,64-bit,0 GB,1 year,No,49990,3 stars,0,0
ASUS,Intel,Core i5,11th,8 GB,512 GB,0 GB,Windows,64-bit,4 GB,No warranty,No,71990,4 stars,91,17
ASUS,Intel,Core i5,10th,8 GB,512 GB,0 GB,Windows,64-bit,0 GB,1 year,No,47990,4 stars,35,2
Lenovo,Intel,Core i5,10th,8 GB,512 GB,0 GB,Windows,32-bit,0 GB,2 years,Yes,48490,4 stars,126,13
ASUS,Intel,Core i5,11th,8 GB,512 GB,0 GB,Windows,64-bit,4 GB,No warranty,No,72990,4 stars,74,10
MSI,Intel,Core i5,11th,16 GB,512 GB,0 GB,Windows,64-bit,4 GB,2 years,No,76990,4 stars,75,17
ASUS,Intel,Core i5,11th,16 GB,512 GB,0 GB,Windows,64-bit,6 GB,1 year,Yes,89990,4 stars,124,17
MSI,Intel,Core i5,10th,8 GB,512 GB,0 GB,Windows,64-bit,4 GB,2 years,No,59990,4 stars,1597,228
ASUS,Intel,Core i5,10th,8 GB,512 GB,0 GB,Windows,64-bit,4 GB,1 year,Yes,65990,4 stars,3850,378
DELL,Intel,Core i5,11th,8 GB,512 GB,0 GB,Windows,64-bit,0 GB,No warranty,No,71990,4 stars,7,1
DELL,Intel,Core i5,11th,8 GB,512 GB,0 GB,Windows,64-bit,0 GB,No warranty,No,71890,4 stars,3,0
Lenovo,Intel,Core i5,11th,16 GB,512 GB,0 GB,Windows,64-bit,0 GB,No warranty,No,64990,3 stars,0,0
ASUS,Intel,Core i5,11th,16 GB,512 GB,0 GB,Windows,64-bit,0 GB,1 year,No,65990,3 stars,0,0
HP,Intel,Core i5,11th,8 GB,512 GB,0 GB,Windows,64-bit,0 GB,No warranty,No,55999,4 stars,5,1
ASUS,Intel,Core i5,11th,16 GB,512 GB,0 GB,Windows,64-bit,4 GB,1 year,No,73490,4 stars,213,45
HP,Intel,Core i5,11th,16 GB,512 GB,0 GB,Windows,64-bit,0 GB,1 year,Yes,74490,4 stars,10,0
HP,Intel,Core i5,11th,8 GB,512 GB,0 GB,Windows,64-bit,0 GB,1 year,Yes,58340,4 stars,69,6
acer,Intel,Core i5,11th,8 GB,512 GB,0 GB,Windows,64-bit,0 GB,1 year,No,55999,4 stars,6,0
DELL,Intel,Core i5,11th,16 GB,512 GB,0 GB,Windows,64-bit,0 GB,No warranty,No,67990,4 stars,93,9
ASUS,Intel,Core i5,11th,16 GB,512 GB,0 GB,Windows,64-bit,0 GB,1 year,No,59990,4 stars,11,2
ASUS,Intel,Core i5,11th,16 GB,512 GB,0 GB,Windows,64-bit,6 GB,1 year,Yes,82990,4 stars,262,31
DELL,Intel,Core i5,11th,8 GB,512 GB,0 GB,Windows,64-bit,2 GB,1 year,Yes,64190,3 stars,0,0
DELL,Intel,Core i5,11th,16 GB,512 GB,0 GB,Windows,64-bit,0 GB,No warranty,No,70090,4 stars,5,1
ASUS,Intel,Core i5,10th,8 GB,512 GB,0 GB,Windows,64-bit,2 GB,1 year,No,49990,4 stars,45,3
MSI,Intel,Core i5,11th,8 GB,512 GB,0 GB,Windows,64-bit,0 GB,No warranty,No,55490,3 stars,8,1
HP,Intel,Core i5,11th,8 GB,512 GB,0 GB,Windows,64-bit,0 GB,No warranty,No,97990,5 stars,3,1
ASUS,Intel,Core i5,9th,8 GB,512 GB,0 GB,Windows,64-bit,4 GB,1 year,Yes,54990,4 stars,1681,227
Lenovo,Intel,Core i5,11th,8 GB,512 GB,0 GB,Windows,64-bit,0 GB,1 year,Yes,59990,4 stars,37,2
Lenovo,Intel,Core i5,11th,8 GB,512 GB,0 GB,Windows,64-bit,0 GB,1 year,Yes,53990,4 stars,61,2
HP,Intel,Core i5,11th,16 GB,512 GB,0 GB,Windows,64-bit,0 GB,1 year,Yes,66999,4 stars,17,1
acer,Intel,Core i5,11th,8 GB,512 GB,0 GB,Windows,64-bit,0 GB,1 year,Yes,60990,4 stars,17,1
ASUS,Intel,Core i5,10th,8 GB,512 GB,0 GB,Windows,64-bit,0 GB,1 year,Yes,47990,4 stars,1625,152
HP,Intel,Core i5,11th,8 GB,512 GB,0 GB,Windows,32-bit,0 GB,1 year,Yes,59999,4 stars,4,1
DELL,Intel,Core i5,10th,16 GB,512 GB,0 GB,Windows,64-bit,4 GB,1 year,No,79990,3 stars,0,0
ASUS,Intel,Core i5,10th,8 GB,512 GB,0 GB,Windows,64-bit,4 GB,1 year,No,63990,3 stars,0,0
HP,Intel,Core i5,11th,8 GB,512 GB,0 GB,Windows,64-bit,0 GB,1 year,Yes,63990,4 stars,17,1
ASUS,Intel,Core i5,11th,16 GB,512 GB,0 GB,Windows,64-bit,0 GB,1 year,No,59990,3 stars,0,0
Lenovo,Intel,Core i5,11th,8 GB,512 GB,0 GB,Windows,64-bit,0 GB,1 year,No,55990,3 stars,0,0
HP,Intel,Core i5,11th,8 GB,512 GB,0 GB,Windows,64-bit,0 GB,1 year,Yes,63990,4 stars,3,0
DELL,Intel,Core i5,11th,16 GB,512 GB,0 GB,Windows,64-bit,2 GB,1 year,Yes,69490,3 stars,0,0
DELL,Intel,Core i5,11th,16 GB,512 GB,0 GB,Windows,64-bit,0 GB,1 year,Yes,89390,3 stars,0,0
ASUS,Intel,Core i5,11th,8 GB,512 GB,0 GB,Windows,64-bit,0 GB,No warranty,No,74990,3 stars,0,0
Lenovo,Intel,Core i5,11th,8 GB,512 GB,0 GB,Windows,64-bit,0 GB,3 years,Yes,64990,4 stars,48,12
Lenovo,Intel,Core i5,10th,8 GB,512 GB,0 GB,Windows,64-bit,4 GB,1 year,Yes,66490,4 stars,282,36
DELL,Intel,Core i5,11th,16 GB,512 GB,0 GB,Windows,64-bit,2 GB,1 year,Yes,89702,3 stars,0,0
Lenovo,Intel,Core i5,11th,16 GB,512 GB,0 GB,Windows,64-bit,2 GB,1 year,Yes,70990,4 stars,67,4
ASUS,Intel,Core i5,11th,16 GB,512 GB,0 GB,Windows,64-bit,0 GB,1 year,Yes,58990,3 stars,0,0
Lenovo,Intel,Core i5,10th,8 GB,512 GB,0 GB,Windows,64-bit,2 GB,1 year,Yes,57500,3 stars,0,0
DELL,Intel,Core i5,11th,8 GB,512 GB,0 GB,Windows,64-bit,2 GB,1 year,Yes,79990,4 stars,23,2
MSI,Intel,Core i5,10th,8 GB,512 GB,0 GB,Windows,64-bit,0 GB,No warranty,No,56541,4 stars,677,87
ASUS,Intel,Core i5,11th,16 GB,512 GB,0 GB,Windows,64-bit,0 GB,No warranty,No,59990,3 stars,3,0
Lenovo,Intel,Core i5,11th,16 GB,512 GB,0 GB,Windows,64-bit,0 GB,1 year,Yes,64990,4 stars,46,4
DELL,Intel,Core i5,11th,8 GB,512 GB,0 GB,Windows,64-bit,0 GB,1 year,No,61290,3 stars,4,1
Lenovo,Intel,Core i5,11th,8 GB,512 GB,0 GB,Windows,64-bit,0 GB,1 year,Yes,54990,4 stars,9,1
Lenovo,Intel,Core i5,11th,8 GB,512 GB,0 GB,Windows,64-bit,0 GB,1 year,Yes,59990,4 stars,26,4
ASUS,Intel,Core i5,11th,8 GB,512 GB,0 GB,Windows,32-bit,6 GB,1 year,No,84990,5 stars,5,0
HP,Intel,Core i5,11th,8 GB,512 GB,0 GB,Windows,64-bit,0 GB,1 year,Yes,72500,4 stars,40,3
Lenovo,Intel,Core i5,11th,8 GB,512 GB,0 GB,Windows,64-bit,4 GB,No warranty,No,59990,3 stars,44,6
Lenovo,Intel,Core i5,11th,8 GB,512 GB,0 GB,Windows,64-bit,0 GB,1 year,Yes,87990,4 stars,28,6
HP,Intel,Core i5,11th,8 GB,512 GB,0 GB,Windows,64-bit,0 GB,No warranty,No,57990,4 stars,1541,123
DELL,Intel,Core i5,11th,8 GB,512 GB,0 GB,Windows,64-bit,0 GB,1 year,Yes,69490,4 stars,72,7
Lenovo,Intel,Core i5,11th,8 GB,512 GB,0 GB,Windows,64-bit,0 GB,3 years,Yes,68990,4 stars,44,8
Lenovo,Intel,Core i5,11th,8 GB,512 GB,0 GB,Windows,32-bit,0 GB,1 year,Yes,77990,4 stars,17,2
ASUS,Intel,Core i5,11th,8 GB,512 GB,0 GB,Windows,64-bit,0 GB,1 year,No,105990,4 stars,59,11
MSI,Intel,Core i5,11th,8 GB,512 GB,0 GB,Windows,64-bit,0 GB,1 year,No,79990,3 stars,0,0
DELL,Intel,Core i5,11th,8 GB,512 GB,0 GB,Windows,64-bit,0 GB,1 year,Yes,55490,4 stars,337,27
Lenovo,Intel,Core i5,11th,8 GB,512 GB,0 GB,Windows,64-bit,0 GB,1 year,Yes,69990,4 stars,10,2
ASUS,Intel,Core i5,11th,8 GB,512 GB,0 GB,Windows,64-bit,0 GB,1 year,Yes,84990,4 stars,10,2
DELL,Intel,Core i5,11th,8 GB,512 GB,0 GB,Windows,64-bit,0 GB,No warranty,No,59990,3 stars,31,7
DELL,Intel,Core i5,10th,8 GB,512 GB,0 GB,Windows,64-bit,0 GB,1 year,Yes,111890,3 stars,0,0
DELL,Intel,Core i5,11th,8 GB,512 GB,0 GB,Windows,64-bit,2 GB,1 year,No,65990,4 stars,10,0
ASUS,Intel,Core i5,11th,8 GB,512 GB,0 GB,Windows,32-bit,0 GB,1 year,Yes,72990,4 stars,76,14
DELL,Intel,Core i5,11th,8 GB,512 GB,0 GB,Windows,64-bit,0 GB,1 year,Yes,71090,4 stars,44,6
MSI,Intel,Core i5,11th,8 GB,512 GB,0 GB,Windows,64-bit,4 GB,2 years,No,74990,3 stars,0,0
ASUS,Intel,Core i5,10th,8 GB,512 GB,0 GB,Windows,64-bit,0 GB,1 year,Yes,79990,4 stars,11,3
MSI,Intel,Core i5,11th,8 GB,512 GB,0 GB,Windows,64-bit,0 GB,1 year,No,55490,4 stars,138,16
DELL,Intel,Core i5,11th,8 GB,512 GB,0 GB,Windows,64-bit,2 GB,1 year,Yes,66490,4 stars,199,17
ASUS,Intel,Core i5,11th,8 GB,512 GB,0 GB,Windows,64-bit,0 GB,1 year,Yes,53400,4 stars,46,6
DELL,Intel,Core i5,11th,8 GB,512 GB,0 GB,Windows,64-bit,0 GB,1 year,Yes,74500,4 stars,45,5
DELL,Intel,Core i5,11th,8 GB,512 GB,0 GB,Windows,64-bit,0 GB,1 year,Yes,114990,3 stars,0,0
DELL,Intel,Core i5,11th,8 GB,512 GB,0 GB,Windows,64-bit,2 GB,No warranty,No,61990,4 stars,35,4
APPLE,Intel,Core i5,10th,8 GB,512 GB,0 GB,Mac,64-bit,0 GB,1 year,No,159990,4 stars,32,5
APPLE,Intel,Core i5,8th,8 GB,512 GB,0 GB,Mac,64-bit,0 GB,1 year,No,172090,4 stars,108,13
MSI,Intel,Core i5,11th,8 GB,512 GB,0 GB,Windows,64-bit,4 GB,No warranty,No,74990,3 stars,0,0
MSI,Intel,Core i5,10th,8 GB,512 GB,0 GB,Windows,64-bit,0 GB,1 year,No,56490,4 stars,814,112
Lenovo,Intel,Core i5,10th,8 GB,512 GB,0 GB,Windows,64-bit,0 GB,3 years,No,147000,3 stars,0,0
Lenovo,Intel,Core i5,11th,8 GB,512 GB,0 GB,Windows,64-bit,0 GB,1 year,Yes,55990,4 stars,75,9
HP,Intel,Core i5,11th,8 GB,512 GB,0 GB,Windows,64-bit,4 GB,1 year,Yes,77990,3 stars,0,0
HP,Intel,Core i5,10th,8 GB,512 GB,0 GB,Windows,64-bit,4 GB,1 year,Yes,106490,4 stars,3,0
Lenovo,Intel,Core i5,11th,8 GB,512 GB,0 GB,Windows,32-bit,2 GB,1 year,Yes,70990,4 stars,11,3
Lenovo,Intel,Core i5,11th,8 GB,512 GB,0 GB,Windows,64-bit,0 GB,1 year,Yes,64990,4 stars,125,11
acer,Intel,Core i5,11th,8 GB,512 GB,0 GB,Windows,64-bit,0 GB,1 year,No,57990,3 stars,0,0
ASUS,Intel,Core i5,10th,8 GB,512 GB,0 GB,Windows,64-bit,4 GB,1 year,No,64990,4 stars,4,0
MSI,Intel,Core i5,10th,8 GB,512 GB,0 GB,Windows,64-bit,0 GB,1 year,No,54990,4 stars,714,147
HP,Intel,Core i5,11th,8 GB,512 GB,0 GB,Windows,64-bit,0 GB,No warranty,No,111999,3 stars,0,0
Lenovo,Intel,Core i5,10th,8 GB,512 GB,0 GB,Windows,64-bit,2 GB,1 year,Yes,70798,4 stars,21,3
Lenovo,Intel,Core i5,9th,8 GB,512 GB,0 GB,Windows,64-bit,4 GB,No warranty,No,59990,3 stars,9,1
acer,Intel,Core i5,8th,8 GB,512 GB,0 GB,Windows,64-bit,4 GB,1 year,No,99500,3 stars,0,0
HP,Intel,Core i5,10th,8 GB,512 GB,0 GB,Windows,64-bit,0 GB,1 year,Yes,55990,4 stars,30,4
ASUS,Intel,Core i5,8th,8 GB,512 GB,0 GB,Windows,64-bit,0 GB,1 year,No,72990,4 stars,44,4
acer,Intel,Core i5,8th,8 GB,512 GB,0 GB,Windows,64-bit,0 GB,1 year,No,64990,3 stars,4,1
ASUS,Intel,Core i5,11th,8 GB,512 GB,0 GB,Windows,64-bit,0 GB,No warranty,No,57990,3 stars,0,0
HP,Intel,Core i5,11th,8 GB,512 GB,0 GB,Windows,64-bit,2 GB,1 year,Yes,76990,4 stars,14,2
Lenovo,Intel,Core i5,11th,8 GB,512 GB,0 GB,Windows,64-bit,0 GB,2 years,Yes,62998,4 stars,739,71
DELL,Intel,Core i5,11th,8 GB,512 GB,0 GB,Windows,64-bit,0 GB,1 year,Yes,77990,4 stars,31,5
HP,Intel,Core i5,10th,8 GB,512 GB,0 GB,Windows,64-bit,0 GB,1 year,Yes,114990,4 stars,145,19
DELL,Intel,Core i5,10th,8 GB,512 GB,0 GB,Windows,64-bit,2 GB,1 year,Yes,65990,3 stars,0,0
DELL,Intel,Core i5,11th,8 GB,512 GB,0 GB,Windows,64-bit,2 GB,1 year,Yes,88990,3 stars,19,2
Lenovo,Intel,Core i5,10th,8 GB,512 GB,0 GB,Windows,64-bit,0 GB,No warranty,No,113590,3 stars,0,0
ASUS,Intel,Core i5,11th,8 GB,512 GB,0 GB,Windows,64-bit,0 GB,1 year,Yes,73990,4 stars,32,6
HP,Intel,Core i5,11th,8 GB,512 GB,0 GB,Windows,64-bit,0 GB,1 year,Yes,61000,4 stars,1124,100
ASUS,Intel,Core i5,11th,8 GB,512 GB,0 GB,Windows,64-bit,0 GB,1 year,No,99990,4 stars,35,6
Lenovo,Intel,Core i5,11th,8 GB,512 GB,0 GB,Windows,64-bit,0 GB,1 year,Yes,67990,4 stars,9,0
DELL,Intel,Core i5,11th,8 GB,512 GB,0 GB,Windows,64-bit,0 GB,1 year,Yes,70799,4 stars,98,6
Lenovo,Intel,Core i5,11th,8 GB,512 GB,0 GB,Windows,64-bit,0 GB,1 year,Yes,65990,4 stars,31,2
ASUS,Intel,Core i5,8th,8 GB,512 GB,0 GB,Windows,64-bit,0 GB,1 year,No,53690,4 stars,19,3
MSI,Intel,Core i5,11th,8 GB,512 GB,0 GB,Windows,64-bit,0 GB,1 year,No,55990,3 stars,0,0
ASUS,Intel,Core i5,11th,8 GB,512 GB,0 GB,Windows,64-bit,0 GB,1 year,Yes,53190,4 stars,11,0
Lenovo,Intel,Core i5,10th,8 GB,512 GB,0 GB,Windows,32-bit,2 GB,2 years,Yes,58999,4 stars,45,3
DELL,Intel,Core i5,11th,8 GB,512 GB,0 GB,Windows,64-bit,2 GB,3 years,No,71990,3 stars,0,0
HP,Intel,Core i5,11th,8 GB,512 GB,0 GB,Windows,32-bit,4 GB,No warranty,No,82000,3 stars,0,0
ASUS,Intel,Core i5,11th,8 GB,512 GB,0 GB,Windows,64-bit,0 GB,No warranty,No,84990,3 stars,0,0
Lenovo,Intel,Core i5,11th,8 GB,512 GB,0 GB,Windows,64-bit,2 GB,No warranty,No,89998,3 stars,0,0
ASUS,Intel,Core i5,11th,8 GB,512 GB,0 GB,Windows,64-bit,0 GB,1 year,No,99990,3 stars,0,0
Lenovo,Intel,Core i5,10th,8 GB,512 GB,0 GB,Windows,64-bit,4 GB,No warranty,No,69899,4 stars,474,37
DELL,Intel,Core i5,10th,8 GB,512 GB,0 GB,Windows,64-bit,4 GB,1 year,No,79990,3 stars,0,0
DELL,Intel,Core i5,10th,8 GB,512 GB,0 GB,Windows,64-bit,4 GB,1 year,No,76300,4 stars,6,0
Lenovo,Intel,Core i5,10th,8 GB,512 GB,0 GB,Windows,64-bit,0 GB,1 year,Yes,55999,3 stars,0,0
DELL,Intel,Core i5,11th,8 GB,512 GB,0 GB,Windows,64-bit,0 GB,No warranty,No,72900,3 stars,24,4
DELL,Intel,Core i5,11th,8 GB,512 GB,0 GB,Windows,64-bit,0 GB,1 year,Yes,73990,4 stars,195,17
ASUS,Intel,Core i5,11th,8 GB,512 GB,0 GB,Windows,64-bit,0 GB,No warranty,No,84990,3 stars,0,0
DELL,Intel,Core i5,11th,8 GB,512 GB,0 GB,Windows,32-bit,2 GB,No warranty,No,73519,3 stars,0,0
HP,Intel,Core i5,10th,8 GB,512 GB,0 GB,Windows,64-bit,0 GB,1 year,No,126000,5 stars,2,1
ASUS,Intel,Core i5,11th,8 GB,512 GB,0 GB,Windows,64-bit,6 GB,1 year,No,88990,3 stars,0,0
HP,Intel,Core i5,11th,8 GB,512 GB,0 GB,Windows,64-bit,0 GB,1 year,Yes,114999,3 stars,0,0
DELL,Intel,Core i5,11th,8 GB,512 GB,0 GB,Windows,64-bit,2 GB,1 year,Yes,82990,4 stars,21,2
acer,Intel,Core i5,11th,8 GB,512 GB,0 GB,Windows,64-bit,0 GB,No warranty,No,109999,3 stars,0,0
Lenovo,Intel,Core i5,11th,8 GB,512 GB,0 GB,Windows,64-bit,0 GB,1 year,Yes,82990,3 stars,0,0
DELL,Intel,Core i5,11th,8 GB,512 GB,0 GB,Windows,64-bit,2 GB,1 year,Yes,79990,4 stars,5,0
ASUS,Intel,Core i5,11th,8 GB,512 GB,0 GB,Windows,64-bit,0 GB,1 year,No,114990,3 stars,0,0
HP,Intel,Core i5,11th,8 GB,512 GB,0 GB,Windows,64-bit,0 GB,1 year,No,129999,3 stars,0,0
MSI,Intel,Core i5,8th,8 GB,512 GB,0 GB,Windows,32-bit,6 GB,No warranty,No,149990,4 stars,10,3
DELL,Intel,Core i5,11th,8 GB,512 GB,0 GB,Windows,64-bit,2 GB,No warranty,No,71290,3 stars,0,0
DELL,Intel,Core i5,10th,8 GB,512 GB,0 GB,Windows,64-bit,0 GB,1 year,Yes,79500,4 stars,10,1
DELL,Intel,Core i5,10th,8 GB,512 GB,0 GB,Windows,64-bit,2 GB,1 year,Yes,82990,3 stars,15,3
DELL,Intel,Core i5,11th,8 GB,512 GB,0 GB,Windows,64-bit,2 GB,1 year,Yes,70980,4 stars,138,23
HP,Intel,Core i5,11th,8 GB,512 GB,0 GB,Windows,32-bit,0 GB,No warranty,No,94000,3 stars,0,0
DELL,Intel,Core i5,11th,8 GB,512 GB,0 GB,Windows,64-bit,2 GB,No warranty,No,82990,4 stars,16,3
MSI,Intel,Core i5,11th,8 GB,512 GB,0 GB,Windows,64-bit,0 GB,1 year,No,79990,4 stars,11,4
ASUS,Intel,Core i5,8th,8 GB,512 GB,0 GB,Windows,64-bit,0 GB,No warranty,No,85990,3 stars,0,0
ASUS,Intel,Core i5,10th,8 GB,512 GB,0 GB,Windows,64-bit,2 GB,No warranty,No,86990,3 stars,0,0
ASUS,Intel,Core i5,10th,8 GB,512 GB,0 GB,Windows,64-bit,2 GB,1 year,Yes,105990,5 stars,4,0
ASUS,Intel,Core i5,10th,8 GB,512 GB,0 GB,Windows,64-bit,0 GB,No warranty,No,84990,3 stars,0,0
Lenovo,Intel,Core i5,8th,8 GB,512 GB,0 GB,Windows,64-bit,2 GB,1 year,Yes,59999,4 stars,22,3
Lenovo,Intel,Core i5,11th,8 GB,512 GB,0 GB,Windows,64-bit,0 GB,1 year,Yes,91999,4 stars,16,2
DELL,Intel,Core i5,11th,8 GB,512 GB,0 GB,Windows,64-bit,0 GB,1 year,Yes,78900,3 stars,16,1
ASUS,Intel,Core i5,10th,8 GB,512 GB,0 GB,Windows,64-bit,0 GB,No warranty,No,132790,3 stars,0,0
Lenovo,Intel,Core i5,11th,8 GB,512 GB,0 GB,Windows,64-bit,4 GB,No warranty,No,60990,3 stars,14,6
Avita,Intel,Core i5,7th,8 GB,512 GB,0 GB,Windows,64-bit,0 GB,No warranty,No,65556,3 stars,0,0
DELL,Intel,Core i5,11th,16 GB,512 GB,0 GB,Windows,64-bit,0 GB,No warranty,No,70190,3 stars,6,3
DELL,Intel,Core i5,11th,8 GB,512 GB,0 GB,Windows,64-bit,2 GB,1 year,No,79590,3 stars,0,0
ASUS,Intel,Core i5,11th,8 GB,512 GB,0 GB,Windows,64-bit,4 GB,1 year,No,76990,3 stars,0,0
Avita,Intel,Core i5,8th,8 GB,512 GB,0 GB,Windows,64-bit,0 GB,No warranty,No,44990,3 stars,17,3
ASUS,Intel,Core i5,11th,8 GB,512 GB,0 GB,Windows,64-bit,0 GB,1 year,Yes,84990,3 stars,17,2
Lenovo,Intel,Core i5,10th,8 GB,512 GB,0 GB,Windows,64-bit,2 GB,1 year,Yes,86999,4 stars,3,0
HP,Intel,Core i5,11th,16 GB,512 GB,0 GB,Windows,64-bit,2 GB,1 year,No,78000,4 stars,512,85
Avita,Intel,Core i5,8th,8 GB,512 GB,0 GB,Windows,64-bit,0 GB,No warranty,No,73063,3 stars,17,3
HP,Intel,Core i5,11th,16 GB,512 GB,0 GB,Windows,64-bit,4 GB,1 year,Yes,100990,3 stars,0,0
Lenovo,Intel,Core i5,8th,8 GB,512 GB,0 GB,Windows,64-bit,0 GB,1 year,Yes,74990,3 stars,3,1
ASUS,Intel,Core i5,10th,8 GB,512 GB,0 GB,Windows,64-bit,4 GB,No warranty,No,75990,4 stars,1365,137
Lenovo,Intel,Core i5,11th,8 GB,512 GB,0 GB,Windows,32-bit,2 GB,1 year,Yes,84086,3 stars,8,3
ASUS,Intel,Core i5,11th,8 GB,1024 GB,0 GB,Windows,64-bit,4 GB,No warranty,No,75990,4 stars,368,48
ASUS,Intel,Core i5,11th,8 GB,1024 GB,0 GB,Windows,64-bit,4 GB,1 year,Yes,77990,4 stars,202,26
ASUS,Intel,Core i5,10th,8 GB,1024 GB,0 GB,Windows,64-bit,4 GB,1 year,No,77990,4 stars,187,26
APPLE,Intel,Core i5,10th,16 GB,1024 GB,0 GB,Mac,64-bit,0 GB,1 year,No,179990,4 stars,31,3
APPLE,Intel,Core i5,10th,16 GB,1024 GB,0 GB,Mac,64-bit,0 GB,1 year,No,179990,4 stars,91,5
ASUS,Intel,Core i5,10th,8 GB,1024 GB,0 GB,Windows,64-bit,4 GB,No warranty,No,82990,4 stars,844,118
ASUS,Intel,Core i5,11th,8 GB,1024 GB,0 GB,Windows,64-bit,4 GB,1 year,No,87990,3 stars,0,0
ASUS,Intel,Core i5,11th,8 GB,1024 GB,0 GB,Windows,64-bit,4 GB,No warranty,No,84500,4 stars,3,0
DELL,Intel,Core i5,11th,8 GB,1024 GB,0 GB,Windows,64-bit,0 GB,No warranty,No,74190,4 stars,21,3
Lenovo,Intel,Core i5,11th,8 GB,1024 GB,0 GB,Windows,64-bit,0 GB,1 year,Yes,64990,3 stars,4,0
Lenovo,Intel,Core i5,10th,8 GB,512 GB,512 GB,Windows,64-bit,0 GB,3 years,No,155411,3 stars,0,0
Lenovo,Intel,Core i5,10th,8 GB,512 GB,512 GB,Windows,64-bit,0 GB,3 years,No,125394,3 stars,0,0
acer,Intel,Core i5,11th,8 GB,0 GB,1024 GB,Windows,64-bit,0 GB,No warranty,No,49990,3 stars,0,0
acer,Intel,Core i5,11th,8 GB,0 GB,1024 GB,Windows,64-bit,0 GB,1 year,No,46990,3 stars,253,28
DELL,Intel,Core i5,11th,8 GB,0 GB,1024 GB,Windows,64-bit,0 GB,1 year,Yes,48990,3 stars,470,46
acer,Intel,Core i5,8th,8 GB,0 GB,1024 GB,Windows,64-bit,2 GB,1 year,Yes,59999,4 stars,118,28
ASUS,Intel,Core i5,10th,8 GB,0 GB,1024 GB,Windows,64-bit,0 GB,1 year,No,46990,4 stars,1444,179
MSI,Intel,Core i5,10th,8 GB,0 GB,1024 GB,Windows,64-bit,4 GB,2 years,No,52990,4 stars,1114,137
Lenovo,Intel,Core i5,7th,8 GB,0 GB,1024 GB,Windows,32-bit,2 GB,No warranty,No,57999,3 stars,0,0
Lenovo,Intel,Core i5,4th,8 GB,0 GB,1024 GB,Windows,64-bit,0 GB,No warranty,No,52490,3 stars,78,17
Lenovo,Intel,Core i5,8th,8 GB,0 GB,1024 GB,Windows,64-bit,4 GB,1 year,No,56990,4 stars,21,5
acer,Intel,Core i5,8th,8 GB,0 GB,1024 GB,Windows,64-bit,2 GB,1 year,No,61990,4 stars,73,21
DELL,Intel,Core i5,11th,8 GB,0 GB,1024 GB,Windows,32-bit,0 GB,No warranty,No,58090,3 stars,0,0
ASUS,Intel,Core i5,10th,8 GB,0 GB,1024 GB,Windows,64-bit,0 GB,No warranty,No,56990,3 stars,0,0
acer,Intel,Core i5,8th,8 GB,0 GB,1024 GB,Windows,64-bit,0 GB,1 year,No,61597,3 stars,0,0
ASUS,Intel,Core i5,8th,8 GB,0 GB,1024 GB,Windows,64-bit,0 GB,No warranty,No,81990,3 stars,0,0
ASUS,Intel,Core i5,10th,8 GB,0 GB,1024 GB,Windows,64-bit,0 GB,No warranty,No,61249,3 stars,0,0
DELL,Intel,Core i5,11th,8 GB,0 GB,1024 GB,Windows,32-bit,0 GB,No warranty,No,58990,3 stars,0,0
ASUS,Intel,Core i5,10th,8 GB,0 GB,1024 GB,Windows,64-bit,2 GB,No warranty,No,83990,3 stars,0,0
MSI,Intel,Core i5,10th,8 GB,0 GB,512 GB,DOS,32-bit,6 GB,No warranty,No,291190,4 stars,7,3
MSI,Intel,Core i5,10th,8 GB,0 GB,512 GB,DOS,32-bit,6 GB,No warranty,No,145990,4 stars,715,106
MSI,Intel,Core i5,10th,8 GB,0 GB,512 GB,DOS,32-bit,8 GB,No warranty,No,179990,4 stars,24,5
HP,Intel,Core i5,8th,8 GB,0 GB,1024 GB,Windows,64-bit,2 GB,1 year,Yes,64990,4 stars,23,4
HP,Intel,Core i5,8th,8 GB,0 GB,1024 GB,Windows,64-bit,0 GB,1 year,No,46790,4 stars,3062,325
HP,Intel,Core i5,7th,4 GB,0 GB,1024 GB,Windows,64-bit,0 GB,1 year,No,44599,4 stars,122,12
acer,Intel,Core i5,8th,8 GB,0 GB,1024 GB,Windows,64-bit,2 GB,1 year,No,72964,4 stars,18,6
HP,Intel,Core i5,10th,8 GB,0 GB,1024 GB,Windows,32-bit,0 GB,1 year,Yes,48790,3 stars,11,1
acer,Intel,Core i5,10th,8 GB,0 GB,1024 GB,Windows,64-bit,2 GB,1 year,No,56491,3 stars,30,6
ASUS,Intel,Core i5,11th,8 GB,256 GB,1024 GB,Windows,32-bit,0 GB,1 year,Yes,50990,4 stars,1188,127
ASUS,Intel,Core i5,10th,8 GB,256 GB,1024 GB,Windows,64-bit,4 GB,No warranty,No,55990,4 stars,23,0
acer,Intel,Core i5,11th,8 GB,256 GB,1024 GB,Windows,64-bit,0 GB,1 year,No,57990,4 stars,32,1
ASUS,Intel,Core i5,11th,8 GB,256 GB,1024 GB,Windows,64-bit,0 GB,1 year,No,52990,3 stars,0,0
DELL,Intel,Core i5,11th,8 GB,256 GB,1024 GB,Windows,64-bit,0 GB,1 year,No,57990,4 stars,47,0
acer,Intel,Core i5,11th,8 GB,256 GB,1024 GB,Windows,64-bit,0 GB,1 year,No,56990,4 stars,27,2
acer,Intel,Core i5,11th,8 GB,256 GB,1024 GB,Windows,64-bit,0 GB,No warranty,No,55490,3 stars,8,3
DELL,Intel,Core i5,11th,8 GB,256 GB,1024 GB,Windows,64-bit,2 GB,1 year,No,62490,3 stars,157,20
ASUS,Intel,Core i5,11th,16 GB,256 GB,1024 GB,Windows,64-bit,0 GB,1 year,No,64990,4 stars,10,1
Lenovo,Intel,Core i5,11th,8 GB,256 GB,1024 GB,Windows,64-bit,2 GB,1 year,Yes,59990,4 stars,52,4
ASUS,Intel,Core i5,11th,8 GB,256 GB,1024 GB,Windows,64-bit,2 GB,1 year,Yes,60190,4 stars,33,4
ASUS,Intel,Core i5,9th,8 GB,256 GB,1024 GB,Windows,64-bit,4 GB,No warranty,No,54490,4 stars,343,47
Lenovo,Intel,Core i5,9th,8 GB,256 GB,1024 GB,Windows,64-bit,4 GB,1 year,Yes,60990,4 stars,131,17
DELL,Intel,Core i5,11th,4 GB,256 GB,1024 GB,Windows,64-bit,0 GB,1 year,Yes,55790,4 stars,41,4
ASUS,Intel,Core i5,11th,16 GB,256 GB,1024 GB,Windows,64-bit,0 GB,1 year,Yes,64990,4 stars,328,51
ASUS,Intel,Core i5,11th,16 GB,256 GB,1024 GB,Windows,64-bit,0 GB,No warranty,No,58990,4 stars,6,1
DELL,Intel,Core i5,11th,8 GB,256 GB,1024 GB,Windows,64-bit,0 GB,1 year,Yes,54990,3 stars,353,28
HP,Intel,Core i5,11th,8 GB,256 GB,1024 GB,Windows,64-bit,4 GB,1 year,Yes,71990,4 stars,127,20
DELL,Intel,Core i5,11th,8 GB,256 GB,1024 GB,Windows,64-bit,2 GB,1 year,No,69900,3 stars,0,0
Lenovo,Intel,Core i5,11th,8 GB,256 GB,1024 GB,Windows,64-bit,2 GB,1 year,Yes,65990,4 stars,241,19
ASUS,Intel,Core i5,11th,8 GB,256 GB,1024 GB,Windows,64-bit,0 GB,1 year,No,49990,3 stars,22,2
DELL,Intel,Core i5,11th,8 GB,256 GB,1024 GB,Windows,64-bit,0 GB,1 year,Yes,58990,4 stars,8,1
Lenovo,Intel,Core i5,10th,8 GB,256 GB,1024 GB,Windows,64-bit,4 GB,No warranty,No,74590,4 stars,898,128
ASUS,Intel,Core i5,10th,8 GB,256 GB,1024 GB,Windows,32-bit,2 GB,No warranty,No,58990,5 stars,1,1
ASUS,Intel,Core i5,11th,8 GB,256 GB,1024 GB,Windows,64-bit,0 GB,1 year,No,64990,3 stars,0,0
DELL,Intel,Core i5,11th,8 GB,256 GB,1024 GB,Windows,64-bit,2 GB,No warranty,No,66490,3 stars,6,1
DELL,Intel,Core i5,10th,8 GB,256 GB,1024 GB,Windows,64-bit,4 GB,No warranty,No,77900,4 stars,179,34
DELL,Intel,Core i5,11th,8 GB,256 GB,1024 GB,Windows,64-bit,2 GB,No warranty,No,67490,3 stars,41,5
DELL,Intel,Core i5,11th,8 GB,256 GB,1024 GB,Windows,64-bit,0 GB,1 year,Yes,61990,3 stars,0,0
DELL,Intel,Core i5,11th,8 GB,256 GB,1024 GB,Windows,64-bit,0 GB,1 year,Yes,58990,4 stars,114,9
Lenovo,Intel,Core i5,10th,8 GB,256 GB,1024 GB,Windows,64-bit,4 GB,No warranty,No,74999,4 stars,268,25
ASUS,Intel,Core i5,11th,8 GB,256 GB,1024 GB,Windows,64-bit,0 GB,1 year,Yes,68900,5 stars,6,1
DELL,Intel,Core i5,11th,8 GB,256 GB,1024 GB,Windows,64-bit,2 GB,No warranty,No,71695,4 stars,153,16
acer,Intel,Core i5,11th,16 GB,256 GB,1024 GB,Windows,64-bit,0 GB,No warranty,No,62490,3 stars,8,0
DELL,Intel,Core i5,8th,8 GB,0 GB,2048 GB,Windows,64-bit,2 GB,1 year,Yes,62317,4 stars,377,53
MSI,Intel,Core i5,10th,8 GB,0 GB,512 GB,DOS,32-bit,8 GB,No warranty,No,207290,3 stars,0,0
DELL,Intel,Core i7,8th,16 GB,256 GB,0 GB,Windows,64-bit,4 GB,1 year,Yes,87990,4 stars,120,21
Avita,Intel,Core i7,8th,8 GB,256 GB,0 GB,Windows,64-bit,0 GB,No warranty,No,73990,3 stars,0,0
ASUS,Intel,Core i7,10th,16 GB,512 GB,0 GB,Windows,64-bit,0 GB,1 year,No,57990,4 stars,76,9
ASUS,Intel,Core i7,10th,8 GB,512 GB,0 GB,Windows,64-bit,4 GB,No warranty,No,61990,4 stars,11,2
MSI,Intel,Core i7,10th,16 GB,512 GB,0 GB,Windows,64-bit,4 GB,2 years,No,79990,4 stars,484,56
Lenovo,Intel,Core i7,10th,8 GB,512 GB,0 GB,Windows,64-bit,4 GB,1 year,Yes,68990,4 stars,44,2
Lenovo,Intel,Core i7,11th,16 GB,512 GB,0 GB,Windows,64-bit,0 GB,1 year,Yes,85990,4 stars,77,10
Lenovo,Intel,Core i7,11th,16 GB,512 GB,0 GB,Windows,64-bit,4 GB,1 year,Yes,99990,4 stars,11,3
ASUS,Intel,Core i7,11th,8 GB,512 GB,0 GB,Windows,64-bit,0 GB,1 year,Yes,77990,4 stars,21,5
Lenovo,Intel,Core i7,11th,8 GB,512 GB,0 GB,Windows,64-bit,4 GB,No warranty,No,79990,4 stars,5,2
HP,Intel,Core i7,11th,16 GB,512 GB,0 GB,Windows,64-bit,4 GB,1 year,Yes,93190,5 stars,4,0
ASUS,Intel,Core i7,11th,16 GB,512 GB,0 GB,Windows,64-bit,0 GB,1 year,Yes,94990,3 stars,0,0
Lenovo,Intel,Core i7,11th,16 GB,512 GB,0 GB,Windows,64-bit,0 GB,3 years,Yes,84990,4 stars,13,2
MSI,Intel,Core i7,10th,8 GB,512 GB,0 GB,Windows,64-bit,0 GB,No warranty,No,57990,4 stars,15,0
HP,Intel,Core i7,11th,16 GB,512 GB,0 GB,Windows,64-bit,0 GB,1 year,Yes,102990,4 stars,11,2
DELL,Intel,Core i7,11th,16 GB,512 GB,0 GB,Windows,64-bit,4 GB,1 year,No,99990,3 stars,0,0
ASUS,Intel,Core i7,11th,16 GB,512 GB,0 GB,Windows,64-bit,4 GB,No warranty,No,94990,4 stars,118,15
HP,Intel,Core i7,11th,16 GB,512 GB,0 GB,Windows,64-bit,0 GB,1 year,Yes,104000,3 stars,0,0
MSI,Intel,Core i7,11th,16 GB,512 GB,0 GB,Windows,64-bit,2 GB,No warranty,No,76990,3 stars,0,0
HP,Intel,Core i7,11th,16 GB,512 GB,0 GB,Windows,64-bit,4 GB,1 year,Yes,90190,4 stars,6,1
Lenovo,Intel,Core i7,11th,16 GB,512 GB,0 GB,Windows,32-bit,0 GB,No warranty,No,88488,3 stars,0,0
MSI,Intel,Core i7,10th,16 GB,512 GB,0 GB,Windows,64-bit,4 GB,1 year,No,109990,4 stars,138,30
MSI,Intel,Core i7,11th,16 GB,512 GB,0 GB,Windows,64-bit,4 GB,No warranty,No,86990,3 stars,0,0
MSI,Intel,Core i7,11th,16 GB,512 GB,0 GB,Windows,64-bit,0 GB,1 year,No,89990,3 stars,0,0
HP,Intel,Core i7,10th,16 GB,512 GB,0 GB,Windows,64-bit,0 GB,1 year,Yes,239759,3 stars,0,0
ASUS,Intel,Core i7,11th,16 GB,512 GB,0 GB,Windows,64-bit,2 GB,1 year,Yes,78990,4 stars,35,4
DELL,Intel,Core i7,8th,16 GB,512 GB,0 GB,Windows,64-bit,0 GB,1 year,Yes,121890,1 star,3,0
ASUS,Intel,Core i7,8th,16 GB,512 GB,0 GB,Windows,64-bit,0 GB,1 year,No,85990,4 stars,18,0
MSI,Intel,Core i7,11th,16 GB,512 GB,0 GB,Windows,64-bit,4 GB,2 years,No,94990,3 stars,0,0
HP,Intel,Core i7,11th,16 GB,512 GB,0 GB,Windows,64-bit,4 GB,1 year,Yes,92000,4 stars,8,1
HP,Intel,Core i7,10th,16 GB,512 GB,0 GB,Windows,64-bit,0 GB,1 year,No,162990,3 stars,3,1
DELL,Intel,Core i7,11th,16 GB,512 GB,0 GB,Windows,64-bit,0 GB,1 year,Yes,135300,5 stars,5,2
MSI,Intel,Core i7,11th,16 GB,512 GB,0 GB,Windows,64-bit,0 GB,No warranty,No,64990,4 stars,33,5
Lenovo,Intel,Core i7,10th,16 GB,512 GB,0 GB,Windows,64-bit,0 GB,3 years,No,174527,3 stars,0,0
Lenovo,Intel,Core i7,10th,16 GB,512 GB,0 GB,Windows,64-bit,0 GB,No warranty,No,162299,3 stars,0,0
DELL,Intel,Core i7,10th,16 GB,512 GB,0 GB,Windows,64-bit,0 GB,1 year,Yes,109190,3 stars,0,0
HP,Intel,Core i7,11th,16 GB,512 GB,0 GB,Windows,64-bit,0 GB,1 year,Yes,99999,3 stars,0,0
MSI,Intel,Core i7,10th,16 GB,512 GB,0 GB,Windows,64-bit,2 GB,1 year,No,104990,4 stars,85,9
ASUS,Intel,Core i7,11th,16 GB,512 GB,0 GB,Windows,64-bit,0 GB,No warranty,No,109990,3 stars,0,0
ASUS,Intel,Core i7,8th,16 GB,512 GB,0 GB,Windows,64-bit,0 GB,1 year,No,99990,4 stars,30,7
Lenovo,Intel,Core i7,8th,16 GB,512 GB,0 GB,Windows,64-bit,2 GB,No warranty,No,244801,3 stars,0,0
ASUS,Intel,Core i7,11th,16 GB,512 GB,0 GB,Windows,64-bit,0 GB,No warranty,No,94990,3 stars,0,0
Lenovo,Intel,Core i7,8th,16 GB,512 GB,0 GB,Windows,64-bit,0 GB,1 year,Yes,86000,3 stars,0,0
Lenovo,Intel,Core i7,10th,16 GB,512 GB,0 GB,Windows,32-bit,2 GB,No warranty,No,162399,3 stars,0,0
HP,Intel,Core i7,11th,16 GB,512 GB,0 GB,Windows,32-bit,0 GB,No warranty,No,119599,3 stars,0,0
Lenovo,Intel,Core i7,10th,16 GB,512 GB,0 GB,Windows,64-bit,0 GB,No warranty,No,211753,3 stars,0,0
Lenovo,Intel,Core i7,11th,16 GB,512 GB,0 GB,Windows,32-bit,0 GB,No warranty,No,110999,3 stars,0,0
ASUS,Intel,Core i7,8th,8 GB,512 GB,0 GB,Windows,64-bit,0 GB,1 year,No,81990,4 stars,40,4
MSI,Intel,Core i7,9th,8 GB,512 GB,0 GB,Windows,64-bit,4 GB,2 years,No,66990,4 stars,1639,230
MSI,Intel,Core i7,10th,16 GB,1024 GB,0 GB,Windows,64-bit,6 GB,2 years,No,84990,4 stars,498,64
ASUS,Intel,Core i7,11th,16 GB,1024 GB,0 GB,Windows,64-bit,2 GB,1 year,Yes,104990,3 stars,0,0
ASUS,Intel,Core i7,11th,16 GB,1024 GB,0 GB,Windows,64-bit,0 GB,1 year,No,134990,3 stars,0,0
ASUS,Intel,Core i7,11th,16 GB,1024 GB,0 GB,Windows,64-bit,4 GB,No warranty,No,98990,4 stars,445,56
HP,Intel,Core i7,10th,16 GB,1024 GB,0 GB,Windows,64-bit,6 GB,1 year,Yes,144690,4 stars,17,4
ASUS,Intel,Core i7,11th,16 GB,1024 GB,0 GB,Windows,64-bit,0 GB,No warranty,No,99990,3 stars,0,0
MSI,Intel,Core i7,11th,16 GB,1024 GB,0 GB,Windows,64-bit,6 GB,2 years,No,119990,4 stars,20,3
ASUS,Intel,Core i7,11th,16 GB,1024 GB,0 GB,Windows,32-bit,4 GB,1 year,No,194990,3 stars,0,0
ASUS,Intel,Core i7,10th,16 GB,1024 GB,0 GB,Windows,64-bit,2 GB,1 year,Yes,124990,4 stars,17,1
DELL,Intel,Core i7,11th,16 GB,1024 GB,0 GB,Windows,64-bit,2 GB,No warranty,No,122410,3 stars,0,0
HP,Intel,Core i7,10th,16 GB,1024 GB,0 GB,Windows,64-bit,0 GB,1 year,No,179990,4 stars,13,5
MSI,Intel,Core i7,11th,16 GB,1024 GB,0 GB,Windows,64-bit,4 GB,2 years,No,154990,4 stars,3,2
Lenovo,Intel,Core i7,11th,16 GB,1024 GB,0 GB,Windows,64-bit,0 GB,1 year,Yes,122990,3 stars,4,2
ASUS,Intel,Core i7,10th,16 GB,1024 GB,0 GB,Windows,64-bit,6 GB,1 year,No,224990,4 stars,9,0
MSI,Intel,Core i7,12th,16 GB,1024 GB,0 GB,Windows,64-bit,8 GB,No warranty,No,279990,3 stars,0,0
HP,Intel,Core i7,11th,16 GB,1024 GB,0 GB,Windows,64-bit,4 GB,No warranty,No,121990,3 stars,0,0
HP,Intel,Core i7,11th,16 GB,1024 GB,0 GB,Windows,64-bit,4 GB,No warranty,No,116990,3 stars,0,0
Lenovo,Intel,Core i7,11th,16 GB,1024 GB,0 GB,Windows,64-bit,6 GB,No warranty,No,151098,4 stars,7,0
MSI,Intel,Core i7,11th,16 GB,1024 GB,0 GB,Windows,64-bit,8 GB,2 years,No,129990,4 stars,14,3
HP,Intel,Core i7,11th,16 GB,1024 GB,0 GB,Windows,64-bit,0 GB,1 year,No,149999,3 stars,0,0
MSI,Intel,Core i7,12th,16 GB,1024 GB,0 GB,Windows,64-bit,6 GB,No warranty,No,139990,4 stars,4,2
acer,Intel,Core i7,11th,16 GB,1024 GB,0 GB,Windows,64-bit,6 GB,1 year,No,129990,4 stars,54,7
HP,Intel,Core i7,11th,16 GB,1024 GB,0 GB,Windows,64-bit,8 GB,1 year,Yes,171990,3 stars,0,0
DELL,Intel,Core i7,11th,16 GB,1024 GB,0 GB,Windows,64-bit,2 GB,1 year,Yes,93955,4 stars,4,0
ASUS,Intel,Core i7,10th,16 GB,1024 GB,0 GB,Windows,64-bit,8 GB,No warranty,No,234990,3 stars,0,0
HP,Intel,Core i7,11th,16 GB,1024 GB,0 GB,Windows,64-bit,0 GB,1 year,Yes,128500,3 stars,3,1
Lenovo,Intel,Core i7,11th,16 GB,1024 GB,0 GB,Windows,64-bit,0 GB,1 year,Yes,102990,4 stars,16,2
ASUS,Intel,Core i7,11th,16 GB,1024 GB,0 GB,Windows,64-bit,0 GB,1 year,No,119990,4 stars,8,1
ASUS,Intel,Core i7,11th,16 GB,1024 GB,0 GB,Windows,32-bit,6 GB,No warranty,No,120980,3 stars,0,0
ASUS,Intel,Core i7,11th,16 GB,1024 GB,0 GB,Windows,32-bit,6 GB,1 year,No,157249,4 stars,7,0
Lenovo,Intel,Core i7,9th,16 GB,1024 GB,0 GB,Windows,64-bit,4 GB,No warranty,No,229900,3 stars,0,0
ASUS,Intel,Core i7,11th,16 GB,1024 GB,0 GB,Windows,64-bit,6 GB,1 year,No,131500,3 stars,0,0
ASUS,Intel,Core i7,10th,16 GB,1024 GB,0 GB,Windows,64-bit,0 GB,No warranty,No,154990,5 stars,3,0
ASUS,Intel,Core i7,10th,16 GB,1024 GB,0 GB,Windows,64-bit,0 GB,No warranty,No,165990,3 stars,0,0
Lenovo,Intel,Core i7,10th,16 GB,1024 GB,0 GB,Windows,64-bit,0 GB,No warranty,No,119990,2 stars,2,1
ASUS,Intel,Core i7,10th,16 GB,1024 GB,0 GB,Windows,64-bit,0 GB,No warranty,No,167990,3 stars,0,0
HP,Intel,Core i7,11th,16 GB,1024 GB,0 GB,Windows,64-bit,0 GB,1 year,No,165000,3 stars,0,0
Avita,Intel,Core i7,10th,16 GB,1024 GB,0 GB,Windows,64-bit,0 GB,No warranty,No,62990,3 stars,207,49
Lenovo,Intel,Core i7,11th,16 GB,1024 GB,0 GB,Windows,64-bit,0 GB,1 year,Yes,85990,3 stars,7,2
HP,Intel,Core i7,11th,16 GB,1024 GB,0 GB,Windows,64-bit,2 GB,1 year,Yes,94990,3 stars,0,0
HP,Intel,Core i7,11th,16 GB,1024 GB,0 GB,Windows,64-bit,6 GB,1 year,Yes,136990,3 stars,0,0
Lenovo,Intel,Core i7,10th,16 GB,1024 GB,0 GB,Windows,64-bit,8 GB,1 year,Yes,234990,3 stars,0,0
acer,Intel,Core i7,10th,16 GB,2048 GB,0 GB,Windows,64-bit,8 GB,1 year,No,159990,3 stars,4,0
ASUS,Intel,Core i7,10th,16 GB,2048 GB,0 GB,Windows,64-bit,0 GB,No warranty,No,233990,3 stars,0,0
ASUS,Intel,Core i7,10th,16 GB,0 GB,1024 GB,Windows,64-bit,2 GB,No warranty,No,93990,3 stars,0,0
HP,Intel,Core i7,8th,16 GB,128 GB,1024 GB,Windows,64-bit,4 GB,1 year,No,116941,3 stars,0,0
MSI,Intel,Core i7,10th,8 GB,256 GB,1024 GB,Windows,64-bit,4 GB,2 years,No,63990,4 stars,794,83
ASUS,Intel,Core i7,10th,16 GB,256 GB,1024 GB,Windows,64-bit,4 GB,No warranty,No,66990,4 stars,25,4
ASUS,Intel,Core i7,11th,16 GB,256 GB,1024 GB,Windows,32-bit,0 GB,No warranty,No,82500,3 stars,0,0
acer,Intel,Core i7,10th,16 GB,256 GB,1024 GB,Windows,64-bit,6 GB,1 year,No,119990,4 stars,2038,313
MSI,Intel,Core i7,10th,16 GB,256 GB,1024 GB,Windows,64-bit,4 GB,3 years,No,159990,3 stars,0,0
ASUS,Intel,Core i7,8th,16 GB,256 GB,1024 GB,Windows,64-bit,0 GB,No warranty,No,98912,3 stars,0,0
acer,Intel,Core i7,11th,16 GB,512 GB,1024 GB,Windows,64-bit,4 GB,1 year,No,92990,4 stars,214,37
acer,Intel,Core i7,11th,16 GB,512 GB,1024 GB,Windows,32-bit,6 GB,1 year,No,119990,4 stars,342,54
acer,Intel,Core i9,11th,32 GB,1024 GB,0 GB,Windows,64-bit,8 GB,1 year,No,169990,3 stars,0,0
acer,Intel,Core i9,11th,16 GB,1024 GB,0 GB,Windows,64-bit,6 GB,1 year,No,139990,3 stars,0,0
MSI,Intel,Core i9,11th,16 GB,1024 GB,0 GB,Windows,64-bit,6 GB,No warranty,No,192990,3 stars,0,0
ASUS,Intel,Core i9,12th,16 GB,1024 GB,0 GB,Windows,64-bit,6 GB,No warranty,No,299990,3 stars,0,0
ASUS,Intel,Core i9,10th,16 GB,1024 GB,0 GB,Windows,64-bit,6 GB,1 year,No,269990,4 stars,8,1
ASUS,Intel,Core i9,11th,16 GB,1024 GB,0 GB,Windows,64-bit,6 GB,1 year,No,139990,3 stars,0,0
Lenovo,Intel,Core i9,10th,16 GB,1024 GB,0 GB,Windows,32-bit,8 GB,No warranty,No,265998,3 stars,0,0
ASUS,Intel,Core i9,11th,16 GB,3072 GB,0 GB,Windows,32-bit,6 GB,1 year,No,441990,5 stars,1,1
MSI,Intel,Core i5,10th,8 GB,0 GB,512 GB,DOS,32-bit,4 GB,No warranty,No,86990,4 stars,218,27
MSI,Intel,Core i5,10th,8 GB,0 GB,512 GB,DOS,32-bit,6 GB,No warranty,No,109990,4 stars,78,16
MSI,Intel,Core i5,10th,8 GB,0 GB,512 GB,DOS,32-bit,4 GB,No warranty,No,109590,4 stars,5,2
ASUS,Intel,Core i7,10th,16 GB,0 GB,512 GB,DOS,32-bit,6 GB,No warranty,No,146490,3 stars,2,1
APPLE,M1,M1,10th,8 GB,256 GB,0 GB,Mac,64-bit,0 GB,1 year,No,85990,4 stars,6725,629
APPLE,M1,M1,10th,8 GB,256 GB,0 GB,Mac,64-bit,0 GB,1 year,No,112990,4 stars,640,70
APPLE,M1,M1,10th,16 GB,256 GB,0 GB,Mac,64-bit,0 GB,1 year,No,104990,4 stars,45,4
APPLE,M1,M1,10th,16 GB,256 GB,0 GB,Mac,64-bit,0 GB,1 year,No,132990,4 stars,640,70
APPLE,M1,M1,10th,16 GB,512 GB,0 GB,Mac,64-bit,0 GB,1 year,No,149990,4 stars,640,70
APPLE,M1,M1,10th,8 GB,512 GB,0 GB,Mac,64-bit,0 GB,1 year,No,125990,4 stars,399,45
APPLE,M1,M1,10th,8 GB,512 GB,0 GB,Mac,64-bit,0 GB,1 year,No,103990,4 stars,809,91
APPLE,M1,M1,10th,8 GB,512 GB,0 GB,Mac,64-bit,0 GB,1 year,No,101990,4 stars,809,91
APPLE,M1,M1,10th,8 GB,512 GB,0 GB,Mac,64-bit,0 GB,1 year,No,104990,4 stars,6725,629
APPLE,M1,M1,10th,8 GB,512 GB,0 GB,Mac,64-bit,0 GB,1 year,No,131990,4 stars,399,45
APPLE,M1,M1,10th,16 GB,512 GB,0 GB,Mac,64-bit,0 GB,1 year,No,128990,4 stars,45,4
APPLE,M1,M1,10th,16 GB,512 GB,0 GB,Mac,64-bit,0 GB,1 year,No,184990,4 stars,42,8
APPLE,M1,M1,10th,16 GB,512 GB,0 GB,Mac,64-bit,0 GB,1 year,No,225990,4 stars,42,8
APPLE,M1,M1,10th,4 GB,512 GB,0 GB,Mac,64-bit,0 GB,1 year,No,124990,4 stars,45,4
APPLE,M1,M1,10th,8 GB,1024 GB,0 GB,Mac,64-bit,0 GB,1 year,No,149990,4 stars,640,70
APPLE,M1,M1,10th,16 GB,1024 GB,0 GB,Mac,64-bit,0 GB,1 year,No,169990,4 stars,640,70
APPLE,M1,M1,10th,16 GB,1024 GB,0 GB,Mac,64-bit,0 GB,1 year,No,225990,4 stars,42,8
APPLE,M1,M1,10th,16 GB,1024 GB,0 GB,Mac,64-bit,0 GB,1 year,No,243990,4 stars,42,8
APPLE,M1,M1,10th,32 GB,1024 GB,0 GB,Mac,64-bit,0 GB,1 year,No,309990,5 stars,3,1
ASUS,Intel,Pentium Quad,Not Available,4 GB,0 GB,512 GB,Windows,64-bit,0 GB,No warranty,No,45990,3 stars,0,0
ASUS,Intel,Pentium Quad,Not Available,4 GB,128 GB,0 GB,Windows,32-bit,0 GB,No warranty,No,58100,3 stars,0,0
ASUS,Intel,Pentium Quad,Not Available,8 GB,256 GB,0 GB,Windows,64-bit,0 GB,1 year,No,62990,3 stars,0,0
HP,Intel,Pentium Quad,Not Available,8 GB,256 GB,0 GB,Windows,64-bit,0 GB,1 year,Yes,32990,4 stars,77,9
ASUS,Intel,Pentium Quad,Not Available,4 GB,256 GB,0 GB,Windows,64-bit,0 GB,1 year,Yes,33990,4 stars,6,0
acer,Intel,Pentium Quad,Not Available,4 GB,256 GB,0 GB,Windows,64-bit,0 GB,1 year,No,30990,4 stars,465,89
DELL,Intel,Pentium Quad,Not Available,4 GB,256 GB,0 GB,Windows,64-bit,0 GB,1 year,No,36000,4 stars,102,16
ASUS,Intel,Pentium Quad,Not Available,4 GB,256 GB,0 GB,Windows,64-bit,0 GB,1 year,Yes,32990,4 stars,7,1
DELL,Intel,Pentium Quad,Not Available,4 GB,256 GB,0 GB,Windows,64-bit,0 GB,1 year,No,35990,3 stars,0,0
ASUS,Intel,Pentium Quad,Not Available,4 GB,0 GB,1024 GB,Windows,64-bit,0 GB,No warranty,No,27990,3 stars,0,0
ASUS,Intel,Pentium Quad,Not Available,4 GB,0 GB,1024 GB,Windows,64-bit,0 GB,1 year,No,25990,3 stars,4741,658
ASUS,Intel,Pentium Quad,Not Available,4 GB,0 GB,1024 GB,Windows,64-bit,0 GB,1 year,No,25990,3 stars,2736,350
ASUS,Intel,Pentium Quad,Not Available,4 GB,0 GB,1024 GB,Windows,64-bit,0 GB,No warranty,No,30780,3 stars,0,0
HP,AMD,Ryzen 3,Not Available,8 GB,256 GB,0 GB,Windows,64-bit,0 GB,1 year,No,37990,4 stars,2214,241
ASUS,AMD,Ryzen 3,Not Available,8 GB,256 GB,0 GB,Windows,64-bit,0 GB,1 year,No,35990,4 stars,2886,375
DELL,AMD,Ryzen 3,Not Available,8 GB,256 GB,0 GB,Windows,64-bit,0 GB,No warranty,No,39490,4 stars,34,4
DELL,AMD,Ryzen 3,Not Available,8 GB,256 GB,0 GB,Windows,64-bit,0 GB,No warranty,No,36990,4 stars,137,15
DELL,AMD,Ryzen 3,Not Available,8 GB,256 GB,0 GB,Windows,64-bit,0 GB,1 year,No,39990,4 stars,7,0
ASUS,AMD,Ryzen 3,Not Available,4 GB,256 GB,0 GB,Windows,64-bit,0 GB,1 year,No,33690,4 stars,170,26
DELL,AMD,Ryzen 3,Not Available,8 GB,256 GB,0 GB,Windows,64-bit,0 GB,No warranty,No,40590,3 stars,0,0
ASUS,AMD,Ryzen 3,Not Available,4 GB,256 GB,0 GB,Windows,64-bit,0 GB,1 year,No,37990,4 stars,39,3
ASUS,AMD,Ryzen 3,Not Available,4 GB,256 GB,0 GB,Windows,64-bit,0 GB,1 year,Yes,34500,4 stars,2886,375
acer,AMD,Ryzen 3,Not Available,8 GB,512 GB,0 GB,Windows,64-bit,0 GB,1 year,No,36990,4 stars,11,2
HP,AMD,Ryzen 3,Not Available,8 GB,512 GB,0 GB,Windows,64-bit,0 GB,No warranty,No,43490,4 stars,163,33
HP,AMD,Ryzen 3,Not Available,8 GB,512 GB,0 GB,Windows,64-bit,0 GB,1 year,Yes,41490,4 stars,153,21
acer,AMD,Ryzen 3,Not Available,4 GB,512 GB,0 GB,Windows,64-bit,0 GB,No warranty,No,34990,3 stars,0,0
HP,AMD,Ryzen 3,Not Available,4 GB,512 GB,0 GB,Windows,64-bit,0 GB,1 year,Yes,44490,4 stars,267,42
DELL,AMD,Ryzen 3,Not Available,4 GB,512 GB,0 GB,Windows,64-bit,0 GB,No warranty,No,40590,3 stars,0,0
DELL,AMD,Ryzen 3,Not Available,8 GB,512 GB,0 GB,Windows,64-bit,0 GB,No warranty,No,42090,3 stars,3,0
DELL,AMD,Ryzen 3,Not Available,8 GB,0 GB,1024 GB,Windows,64-bit,0 GB,1 year,Yes,35990,4 stars,59,12
HP,AMD,Ryzen 3,Not Available,8 GB,0 GB,1024 GB,Windows,64-bit,0 GB,1 year,Yes,39490,4 stars,7291,895
DELL,AMD,Ryzen 3,Not Available,8 GB,0 GB,1024 GB,Windows,64-bit,0 GB,No warranty,No,37390,4 stars,38,5
DELL,AMD,Ryzen 3,Not Available,4 GB,0 GB,1024 GB,Windows,64-bit,0 GB,1 year,Yes,52632,3 stars,0,0
DELL,AMD,Ryzen 3,Not Available,4 GB,0 GB,1024 GB,Windows,64-bit,0 GB,1 year,Yes,39990,4 stars,409,39
DELL,AMD,Ryzen 3,Not Available,4 GB,0 GB,1024 GB,Windows,64-bit,0 GB,1 year,No,43990,3 stars,0,0
HP,AMD,Ryzen 3,Not Available,4 GB,0 GB,1024 GB,Windows,64-bit,0 GB,1 year,No,32917,4 stars,353,58
Lenovo,AMD,Ryzen 3,Not Available,4 GB,0 GB,1024 GB,Windows,64-bit,0 GB,No warranty,No,34990,3 stars,38,6
DELL,AMD,Ryzen 3,Not Available,8 GB,0 GB,1024 GB,Windows,64-bit,0 GB,No warranty,No,39990,3 stars,18,4
HP,AMD,Ryzen 3,Not Available,8 GB,256 GB,1024 GB,Windows,64-bit,0 GB,1 year,Yes,41999,4 stars,3524,432
DELL,AMD,Ryzen 5,Not Available,8 GB,256 GB,0 GB,Windows,64-bit,0 GB,1 year,Yes,41990,4 stars,939,107
DELL,AMD,Ryzen 5,Not Available,8 GB,256 GB,0 GB,Windows,64-bit,0 GB,1 year,No,44490,4 stars,14,1
DELL,AMD,Ryzen 5,Not Available,8 GB,256 GB,0 GB,Windows,64-bit,0 GB,1 year,Yes,41990,4 stars,649,84
DELL,AMD,Ryzen 5,Not Available,8 GB,256 GB,0 GB,Windows,64-bit,0 GB,1 year,Yes,44490,4 stars,8,2
MSI,AMD,Ryzen 5,Not Available,4 GB,256 GB,0 GB,Windows,64-bit,0 GB,1 year,No,49990,3 stars,0,0
DELL,AMD,Ryzen 5,Not Available,4 GB,256 GB,0 GB,Windows,64-bit,0 GB,1 year,No,44390,4 stars,276,24
HP,AMD,Ryzen 5,Not Available,8 GB,512 GB,0 GB,Windows,64-bit,4 GB,1 year,No,57990,4 stars,4740,532
Lenovo,AMD,Ryzen 5,Not Available,8 GB,512 GB,0 GB,Windows,64-bit,4 GB,1 year,Yes,56990,4 stars,162,15
Lenovo,AMD,Ryzen 5,Not Available,8 GB,512 GB,0 GB,Windows,64-bit,0 GB,1 year,No,48990,4 stars,219,27
HP,AMD,Ryzen 5,Not Available,8 GB,512 GB,0 GB,Windows,64-bit,0 GB,1 year,Yes,49970,4 stars,193,28
MSI,AMD,Ryzen 5,Not Available,8 GB,512 GB,0 GB,Windows,64-bit,0 GB,No warranty,No,47990,4 stars,562,89
HP,AMD,Ryzen 5,Not Available,8 GB,512 GB,0 GB,Windows,64-bit,0 GB,1 year,Yes,48990,4 stars,45,5
acer,AMD,Ryzen 5,Not Available,8 GB,512 GB,0 GB,Windows,64-bit,0 GB,1 year,No,53990,4 stars,7,0
Lenovo,AMD,Ryzen 5,Not Available,8 GB,512 GB,0 GB,Windows,64-bit,0 GB,1 year,Yes,52990,4 stars,39,5
acer,AMD,Ryzen 5,Not Available,8 GB,512 GB,0 GB,Windows,64-bit,0 GB,1 year,No,43990,3 stars,0,0
Lenovo,AMD,Ryzen 5,Not Available,8 GB,512 GB,0 GB,Windows,64-bit,4 GB,No warranty,No,59490,4 stars,92,10
MSI,AMD,Ryzen 5,Not Available,8 GB,512 GB,0 GB,Windows,64-bit,4 GB,No warranty,No,64990,4 stars,469,80
DELL,AMD,Ryzen 5,Not Available,8 GB,512 GB,0 GB,Windows,64-bit,0 GB,No warranty,No,47490,2 stars,2,1
HP,AMD,Ryzen 5,Not Available,8 GB,512 GB,0 GB,Windows,64-bit,4 GB,1 year,No,59990,4 stars,1978,188
Lenovo,AMD,Ryzen 5,Not Available,8 GB,512 GB,0 GB,Windows,64-bit,4 GB,No warranty,No,69990,4 stars,9,0
HP,AMD,Ryzen 5,Not Available,8 GB,512 GB,0 GB,Windows,64-bit,4 GB,1 year,No,58990,4 stars,1049,134
DELL,AMD,Ryzen 5,Not Available,8 GB,512 GB,0 GB,Windows,64-bit,0 GB,1 year,No,59490,4 stars,74,18
HP,AMD,Ryzen 5,Not Available,16 GB,512 GB,0 GB,Windows,64-bit,0 GB,1 year,Yes,67500,4 stars,196,19
HP,AMD,Ryzen 5,Not Available,8 GB,512 GB,0 GB,Windows,32-bit,0 GB,No warranty,No,48990,4 stars,17,1
ASUS,AMD,Ryzen 5,Not Available,8 GB,512 GB,0 GB,Windows,64-bit,0 GB,1 year,Yes,62450,4 stars,172,36
ASUS,AMD,Ryzen 5,Not Available,8 GB,512 GB,0 GB,Windows,64-bit,0 GB,1 year,No,58990,4 stars,324,34
HP,AMD,Ryzen 5,Not Available,8 GB,512 GB,0 GB,Windows,64-bit,0 GB,1 year,Yes,57999,4 stars,86,15
ASUS,AMD,Ryzen 5,Not Available,16 GB,512 GB,0 GB,Windows,64-bit,0 GB,No warranty,No,56990,4 stars,4,1
HP,AMD,Ryzen 5,Not Available,8 GB,512 GB,0 GB,Windows,64-bit,4 GB,1 year,Yes,72990,4 stars,16,4
HP,AMD,Ryzen 5,Not Available,16 GB,512 GB,0 GB,Windows,64-bit,0 GB,1 year,Yes,65990,4 stars,104,18
HP,AMD,Ryzen 5,Not Available,16 GB,512 GB,0 GB,Windows,64-bit,0 GB,1 year,Yes,98020,3 stars,0,0
HP,AMD,Ryzen 5,Not Available,16 GB,512 GB,0 GB,Windows,64-bit,2 GB,1 year,Yes,63990,4 stars,90,13
ASUS,AMD,Ryzen 5,Not Available,8 GB,512 GB,0 GB,Windows,32-bit,0 GB,1 year,Yes,49890,4 stars,6,1
DELL,AMD,Ryzen 5,Not Available,8 GB,512 GB,0 GB,Windows,64-bit,0 GB,1 year,Yes,49990,4 stars,47,7
DELL,AMD,Ryzen 5,Not Available,8 GB,512 GB,0 GB,Windows,64-bit,0 GB,1 year,Yes,59490,3 stars,0,0
HP,AMD,Ryzen 5,Not Available,8 GB,512 GB,0 GB,Windows,64-bit,0 GB,1 year,Yes,73999,4 stars,206,27
DELL,AMD,Ryzen 5,Not Available,4 GB,512 GB,0 GB,Windows,64-bit,0 GB,1 year,Yes,60990,4 stars,183,42
DELL,AMD,Ryzen 5,Not Available,4 GB,512 GB,0 GB,Windows,64-bit,6 GB,No warranty,No,76190,4 stars,358,64
Lenovo,AMD,Ryzen 5,Not Available,4 GB,512 GB,0 GB,Windows,64-bit,0 GB,3 years,Yes,74798,3 stars,0,0
ASUS,AMD,Ryzen 5,Not Available,4 GB,512 GB,0 GB,Windows,64-bit,0 GB,1 year,No,58990,4 stars,88,13
HP,AMD,Ryzen 5,Not Available,4 GB,512 GB,0 GB,Windows,32-bit,4 GB,No warranty,No,68100,3 stars,0,0
Lenovo,AMD,Ryzen 5,Not Available,4 GB,512 GB,0 GB,Windows,64-bit,0 GB,1 year,Yes,77990,3 stars,0,0
HP,AMD,Ryzen 5,Not Available,4 GB,512 GB,0 GB,Windows,64-bit,0 GB,1 year,Yes,55090,4 stars,364,52
ASUS,AMD,Ryzen 5,Not Available,4 GB,512 GB,0 GB,Windows,64-bit,0 GB,No warranty,No,91990,3 stars,0,0
HP,AMD,Ryzen 5,Not Available,4 GB,512 GB,0 GB,Windows,64-bit,0 GB,1 year,Yes,84208,3 stars,0,0
acer,AMD,Ryzen 5,Not Available,4 GB,512 GB,0 GB,Windows,64-bit,0 GB,1 year,No,44990,4 stars,313,39
HP,AMD,Ryzen 5,Not Available,4 GB,512 GB,0 GB,Windows,64-bit,0 GB,1 year,Yes,53490,4 stars,826,118
Lenovo,AMD,Ryzen 5,Not Available,4 GB,512 GB,0 GB,Windows,64-bit,4 GB,No warranty,No,76498,3 stars,0,0
DELL,AMD,Ryzen 5,Not Available,4 GB,512 GB,0 GB,Windows,64-bit,4 GB,1 year,No,98920,3 stars,0,0
MSI,AMD,Ryzen 5,Not Available,4 GB,512 GB,0 GB,Windows,64-bit,0 GB,No warranty,No,54990,4 stars,1410,203
acer,AMD,Ryzen 5,Not Available,4 GB,512 GB,0 GB,Windows,64-bit,0 GB,1 year,No,49990,4 stars,47,6
HP,AMD,Ryzen 5,Not Available,4 GB,512 GB,0 GB,Windows,32-bit,0 GB,No warranty,No,52380,3 stars,0,0
acer,AMD,Ryzen 5,Not Available,4 GB,512 GB,0 GB,Windows,64-bit,0 GB,1 year,No,49990,4 stars,6,1
HP,AMD,Ryzen 5,Not Available,4 GB,512 GB,0 GB,Windows,64-bit,0 GB,1 year,Yes,52500,4 stars,741,67
ASUS,AMD,Ryzen 5,Not Available,4 GB,512 GB,0 GB,Windows,64-bit,0 GB,1 year,Yes,49990,4 stars,14,2
acer,AMD,Ryzen 5,Not Available,4 GB,512 GB,0 GB,Windows,64-bit,0 GB,1 year,No,75999,3 stars,0,0
ASUS,AMD,Ryzen 5,Not Available,4 GB,512 GB,0 GB,Windows,64-bit,0 GB,1 year,No,80990,3 stars,0,0
Lenovo,AMD,Ryzen 5,Not Available,4 GB,512 GB,0 GB,Windows,32-bit,0 GB,1 year,No,59900,3 stars,3,0
HP,AMD,Ryzen 5,Not Available,4 GB,512 GB,0 GB,Windows,64-bit,0 GB,1 year,Yes,54590,4 stars,349,69
DELL,AMD,Ryzen 5,Not Available,4 GB,512 GB,0 GB,Windows,64-bit,0 GB,1 year,Yes,75500,3 stars,0,0
HP,AMD,Ryzen 5,Not Available,8 GB,512 GB,0 GB,Windows,64-bit,0 GB,1 year,Yes,51890,4 stars,519,48
ASUS,AMD,Ryzen 5,Not Available,16 GB,512 GB,0 GB,Windows,64-bit,0 GB,1 year,No,78000,2 stars,3,0
HP,AMD,Ryzen 5,Not Available,16 GB,512 GB,0 GB,Windows,64-bit,0 GB,1 year,Yes,59999,4 stars,19,1
HP,AMD,Ryzen 5,Not Available,8 GB,512 GB,0 GB,Windows,64-bit,4 GB,1 year,Yes,64990,3 stars,8,1
DELL,AMD,Ryzen 5,Not Available,4 GB,1024 GB,0 GB,Windows,32-bit,0 GB,No warranty,No,57900,4 stars,3,1
Lenovo,AMD,Ryzen 5,Not Available,4 GB,1024 GB,0 GB,Windows,64-bit,0 GB,3 years,Yes,81978,3 stars,0,0
HP,AMD,Ryzen 5,Not Available,4 GB,0 GB,1024 GB,Windows,64-bit,4 GB,1 year,No,59990,4 stars,1480,151
DELL,AMD,Ryzen 5,Not Available,8 GB,256 GB,1024 GB,Windows,64-bit,0 GB,No warranty,No,49490,4 stars,31,3
ASUS,AMD,Ryzen 5,Not Available,8 GB,256 GB,1024 GB,Windows,64-bit,0 GB,1 year,No,54990,4 stars,18,3
Lenovo,AMD,Ryzen 5,Not Available,8 GB,256 GB,1024 GB,Windows,64-bit,4 GB,No warranty,No,68500,4 stars,271,24
ASUS,AMD,Ryzen 5,Not Available,8 GB,256 GB,1024 GB,Windows,64-bit,0 GB,1 year,No,54990,4 stars,49,6
ASUS,AMD,Ryzen 5,Not Available,8 GB,256 GB,1024 GB,Windows,32-bit,0 GB,1 year,Yes,54990,4 stars,474,65
Lenovo,AMD,Ryzen 5,Not Available,8 GB,256 GB,1024 GB,Windows,64-bit,0 GB,1 year,Yes,63990,4 stars,861,116
HP,AMD,Ryzen 5,Not Available,4 GB,256 GB,1024 GB,Windows,64-bit,4 GB,1 year,No,80000,4 stars,34,6
DELL,AMD,Ryzen 5,Not Available,4 GB,256 GB,1024 GB,Windows,32-bit,0 GB,No warranty,No,51990,3 stars,0,0
ASUS,AMD,Ryzen 5,Not Available,4 GB,256 GB,1024 GB,Windows,64-bit,0 GB,1 year,Yes,62990,4 stars,165,34
HP,AMD,Ryzen 5,Not Available,4 GB,256 GB,1024 GB,Windows,64-bit,0 GB,1 year,No,52990,4 stars,698,74
ASUS,AMD,Ryzen 5,Not Available,4 GB,256 GB,1024 GB,Windows,64-bit,0 GB,1 year,Yes,75100,3 stars,0,0
ASUS,AMD,Ryzen 7,Not Available,16 GB,512 GB,0 GB,Windows,32-bit,4 GB,No warranty,No,76990,4 stars,22,3
ASUS,AMD,Ryzen 7,Not Available,16 GB,512 GB,0 GB,Windows,64-bit,4 GB,1 year,No,79990,3 stars,0,0
ASUS,AMD,Ryzen 7,Not Available,8 GB,512 GB,0 GB,Windows,64-bit,4 GB,No warranty,No,71990,4 stars,144,16
ASUS,AMD,Ryzen 7,Not Available,8 GB,512 GB,0 GB,Windows,64-bit,4 GB,No warranty,No,71990,4 stars,1810,235
Lenovo,AMD,Ryzen 7,Not Available,16 GB,512 GB,0 GB,Windows,64-bit,4 GB,1 year,Yes,99990,4 stars,26,1
ASUS,AMD,Ryzen 7,Not Available,16 GB,512 GB,0 GB,Windows,64-bit,0 GB,1 year,No,79990,3 stars,0,0
DELL,AMD,Ryzen 7,Not Available,16 GB,512 GB,0 GB,Windows,64-bit,4 GB,1 year,No,93990,3 stars,0,0
ASUS,AMD,Ryzen 7,Not Available,16 GB,512 GB,0 GB,Windows,64-bit,4 GB,No warranty,No,82990,4 stars,1067,145
ASUS,AMD,Ryzen 7,Not Available,4 GB,512 GB,0 GB,Windows,64-bit,4 GB,No warranty,No,106990,3 stars,0,0
ASUS,AMD,Ryzen 7,Not Available,4 GB,512 GB,0 GB,Windows,64-bit,0 GB,1 year,No,92990,4 stars,25,4
Lenovo,Intel,Ryzen 7,Not Available,4 GB,512 GB,0 GB,Windows,32-bit,4 GB,3 years,Yes,81490,3 stars,0,0
ASUS,AMD,Ryzen 7,Not Available,4 GB,512 GB,0 GB,Windows,64-bit,0 GB,1 year,Yes,56990,3 stars,0,0
MSI,AMD,Ryzen 7,Not Available,4 GB,512 GB,0 GB,Windows,64-bit,0 GB,No warranty,No,64990,3 stars,0,0
Lenovo,AMD,Ryzen 7,Not Available,4 GB,512 GB,0 GB,Windows,64-bit,0 GB,1 year,Yes,60990,4 stars,530,69
Lenovo,AMD,Ryzen 7,Not Available,4 GB,512 GB,0 GB,Windows,64-bit,4 GB,1 year,Yes,84988,3 stars,0,0
HP,AMD,Ryzen 7,Not Available,4 GB,512 GB,0 GB,Windows,64-bit,4 GB,1 year,No,90990,4 stars,273,40
ASUS,AMD,Ryzen 7,Not Available,4 GB,512 GB,0 GB,Windows,64-bit,0 GB,1 year,No,63990,4 stars,77,7
Lenovo,AMD,Ryzen 7,Not Available,4 GB,512 GB,0 GB,Windows,64-bit,0 GB,1 year,Yes,63990,4 stars,105,10
HP,AMD,Ryzen 7,Not Available,4 GB,512 GB,0 GB,Windows,64-bit,0 GB,1 year,Yes,57999,4 stars,44,5
ASUS,AMD,Ryzen 7,Not Available,4 GB,512 GB,0 GB,Windows,32-bit,4 GB,No warranty,No,72400,3 stars,0,0
Lenovo,AMD,Ryzen 7,Not Available,4 GB,512 GB,0 GB,Windows,64-bit,0 GB,1 year,No,78990,4 stars,6,0
acer,AMD,Ryzen 7,Not Available,4 GB,512 GB,0 GB,Windows,64-bit,0 GB,1 year,No,59990,3 stars,0,0
ASUS,AMD,Ryzen 7,Not Available,4 GB,512 GB,0 GB,Windows,32-bit,4 GB,1 year,No,111990,3 stars,0,0
HP,AMD,Ryzen 7,Not Available,4 GB,512 GB,0 GB,Windows,32-bit,0 GB,No warranty,No,109000,3 stars,0,0
DELL,AMD,Ryzen 7,Not Available,4 GB,512 GB,0 GB,Windows,64-bit,6 GB,No warranty,No,89990,4 stars,191,27
Lenovo,AMD,Ryzen 7,Not Available,4 GB,512 GB,0 GB,Windows,64-bit,0 GB,3 years,Yes,78988,3 stars,0,0
Lenovo,AMD,Ryzen 7,Not Available,4 GB,512 GB,0 GB,Windows,64-bit,4 GB,No warranty,No,73138,3 stars,4,1
Lenovo,AMD,Ryzen 7,Not Available,4 GB,512 GB,0 GB,Windows,64-bit,4 GB,1 year,No,106990,3 stars,0,0
ASUS,AMD,Ryzen 7,Not Available,4 GB,512 GB,0 GB,Windows,32-bit,4 GB,No warranty,No,79990,3 stars,0,0
DELL,AMD,Ryzen 7,Not Available,4 GB,512 GB,0 GB,Windows,64-bit,0 GB,1 year,Yes,89570,3 stars,0,0
HP,AMD,Ryzen 7,Not Available,4 GB,512 GB,0 GB,Windows,64-bit,0 GB,1 year,Yes,68500,4 stars,134,22
Lenovo,AMD,Ryzen 7,Not Available,16 GB,512 GB,0 GB,Windows,64-bit,0 GB,1 year,No,73400,3 stars,0,0
HP,AMD,Ryzen 7,Not Available,16 GB,512 GB,0 GB,Windows,64-bit,2 GB,1 year,Yes,79990,3 stars,23,6
HP,AMD,Ryzen 7,Not Available,16 GB,512 GB,0 GB,Windows,64-bit,4 GB,1 year,Yes,84990,2 stars,4,2
MSI,AMD,Ryzen 7,Not Available,16 GB,1024 GB,0 GB,Windows,64-bit,8 GB,1 year,No,99990,4 stars,108,24
ASUS,AMD,Ryzen 7,Not Available,8 GB,1024 GB,0 GB,Windows,64-bit,4 GB,No warranty,No,72990,4 stars,198,24
HP,AMD,Ryzen 7,Not Available,16 GB,1024 GB,0 GB,Windows,64-bit,0 GB,1 year,Yes,92990,3 stars,0,0
HP,AMD,Ryzen 7,Not Available,16 GB,1024 GB,0 GB,Windows,64-bit,0 GB,1 year,Yes,84190,3 stars,0,0
ASUS,AMD,Ryzen 7,Not Available,16 GB,1024 GB,0 GB,Windows,64-bit,0 GB,No warranty,No,112990,3 stars,0,0
ASUS,AMD,Ryzen 7,Not Available,4 GB,1024 GB,0 GB,Windows,32-bit,4 GB,1 year,No,114990,3 stars,0,0
acer,AMD,Ryzen 7,Not Available,4 GB,1024 GB,0 GB,Windows,64-bit,4 GB,1 year,No,99990,3 stars,0,0
ASUS,AMD,Ryzen 7,Not Available,4 GB,1024 GB,0 GB,Windows,32-bit,4 GB,No warranty,No,95990,4 stars,57,3
HP,AMD,Ryzen 7,Not Available,4 GB,1024 GB,0 GB,Windows,64-bit,8 GB,1 year,No,159990,4 stars,17,2
ASUS,AMD,Ryzen 7,Not Available,4 GB,1024 GB,0 GB,Windows,64-bit,0 GB,1 year,Yes,76990,3 stars,0,0
Lenovo,AMD,Ryzen 7,Not Available,4 GB,1024 GB,0 GB,Windows,64-bit,6 GB,1 year,Yes,130990,3 stars,0,0
ASUS,AMD,Ryzen 7,Not Available,4 GB,1024 GB,0 GB,Windows,64-bit,0 GB,1 year,No,99990,3 stars,0,0
ASUS,AMD,Ryzen 7,Not Available,4 GB,1024 GB,0 GB,Windows,64-bit,4 GB,No warranty,No,112990,3 stars,0,0
Lenovo,AMD,Ryzen 7,Not Available,4 GB,1024 GB,0 GB,Windows,64-bit,0 GB,1 year,Yes,77988,3 stars,0,0
ASUS,AMD,Ryzen 7,Not Available,4 GB,1024 GB,0 GB,Windows,64-bit,0 GB,1 year,Yes,76000,5 stars,1,1
ASUS,AMD,Ryzen 7,Not Available,4 GB,1024 GB,0 GB,Windows,64-bit,4 GB,1 year,No,99990,4 stars,77,15
ASUS,AMD,Ryzen 7,Not Available,4 GB,1024 GB,0 GB,Windows,64-bit,0 GB,1 year,No,111000,3 stars,0,0
ASUS,AMD,Ryzen 7,Not Available,16 GB,1024 GB,0 GB,Windows,64-bit,0 GB,1 year,Yes,84970,3 stars,2,1
HP,AMD,Ryzen 7,Not Available,16 GB,256 GB,1024 GB,Windows,64-bit,4 GB,1 year,Yes,75990,4 stars,1084,123
acer,AMD,Ryzen 7,Not Available,16 GB,256 GB,1024 GB,Windows,64-bit,6 GB,1 year,No,89990,4 stars,272,36
acer,AMD,Ryzen 7,Not Available,16 GB,256 GB,1024 GB,Windows,64-bit,4 GB,No warranty,No,81990,4 stars,141,24
Lenovo,AMD,Ryzen 7,Not Available,4 GB,512 GB,1024 GB,Windows,32-bit,0 GB,No warranty,No,80490,3 stars,0,0
ASUS,AMD,Ryzen 9,Not Available,16 GB,1024 GB,0 GB,Windows,64-bit,6 GB,1 year,No,135990,3 stars,0,0
ASUS,AMD,Ryzen 9,Not Available,16 GB,1024 GB,0 GB,Windows,32-bit,0 GB,1 year,No,154990,4 stars,194,42
ASUS,AMD,Ryzen 9,Not Available,16 GB,1024 GB,0 GB,Windows,64-bit,8 GB,1 year,Yes,199990,4 stars,9,2
ASUS,AMD,Ryzen 9,Not Available,16 GB,1024 GB,0 GB,Windows,64-bit,4 GB,No warranty,No,114990,4 stars,28,4
ASUS,AMD,Ryzen 9,Not Available,16 GB,1024 GB,0 GB,Windows,64-bit,6 GB,1 year,Yes,129990,4 stars,204,35
ASUS,AMD,Ryzen 9,Not Available,16 GB,1024 GB,0 GB,Windows,64-bit,4 GB,1 year,Yes,114990,4 stars,32,6
MSI,AMD,Ryzen 9,Not Available,4 GB,1024 GB,0 GB,Windows,64-bit,0 GB,No warranty,No,146990,3 stars,0,0
ASUS,AMD,Ryzen 9,Not Available,4 GB,1024 GB,0 GB,Windows,64-bit,0 GB,1 year,No,104990,4 stars,14,2
ASUS,AMD,Ryzen 9,Not Available,4 GB,1024 GB,0 GB,Windows,64-bit,4 GB,1 year,No,114990,4 stars,14,1
ASUS,AMD,Ryzen 9,Not Available,4 GB,1024 GB,0 GB,Windows,64-bit,4 GB,1 year,Yes,124990,5 stars,3,0
ASUS,AMD,Ryzen 9,Not Available,4 GB,1024 GB,0 GB,Windows,64-bit,0 GB,No warranty,No,134990,3 stars,0,0
HP,AMD,Ryzen 9,Not Available,4 GB,1024 GB,0 GB,Windows,64-bit,8 GB,1 year,Yes,141990,3 stars,0,0
ASUS,AMD,Ryzen 9,Not Available,4 GB,1024 GB,0 GB,Windows,64-bit,0 GB,1 year,No,129990,3 stars,0,0
ASUS,AMD,Ryzen 9,Not Available,4 GB,1024 GB,0 GB,Windows,64-bit,4 GB,1 year,Yes,142990,4 stars,4,1
ASUS,AMD,Ryzen 9,Not Available,4 GB,1024 GB,0 GB,Windows,64-bit,0 GB,1 year,No,121990,3 stars,0,0
ASUS,AMD,Ryzen 9,Not Available,4 GB,1024 GB,0 GB,Windows,64-bit,4 GB,1 year,Yes,124990,4 stars,44,12
ASUS,AMD,Ryzen 9,Not Available,4 GB,1024 GB,0 GB,Windows,64-bit,6 GB,No warranty,No,141990,4 stars,61,13
ASUS,AMD,Ryzen 9,Not Available,4 GB,1024 GB,0 GB,Windows,64-bit,4 GB,1 year,No,162990,3 stars,0,0
ASUS,AMD,Ryzen 9,Not Available,4 GB,1024 GB,0 GB,Windows,64-bit,0 GB,1 year,No,130500,3 stars,0,0
ASUS,AMD,Ryzen 9,Not Available,4 GB,1024 GB,0 GB,Windows,64-bit,4 GB,No warranty,No,116990,3 stars,0,0
ASUS,AMD,Ryzen 9,Not Available,4 GB,1024 GB,0 GB,Windows,32-bit,6 GB,No warranty,No,138990,3 stars,0,0
ASUS,AMD,Ryzen 9,Not Available,4 GB,1024 GB,0 GB,Windows,64-bit,4 GB,1 year,Yes,234990,3 stars,0,0
ASUS,AMD,Ryzen 9,Not Available,4 GB,1024 GB,0 GB,Windows,64-bit,0 GB,1 year,No,135990,3 stars,0,0
ASUS,AMD,Ryzen 9,Not Available,4 GB,1024 GB,0 GB,Windows,64-bit,0 GB,1 year,No,144990,3 stars,0,0
ASUS,AMD,Ryzen 9,Not Available,4 GB,1024 GB,0 GB,Windows,64-bit,4 GB,1 year,No,149990,3 stars,0,0
ASUS,AMD,Ryzen 9,Not Available,4 GB,1024 GB,0 GB,Windows,64-bit,4 GB,1 year,No,142990,3 stars,0,0
Lenovo,AMD,Ryzen 5,10th,8 GB,512 GB,0 GB,DOS,64-bit,0 GB,No warranty,No,57490,4 stars,18,4
